index,file,EPI,Start,Stop,epi1,epi2,epi3,start1,start2,start3,stop1,stop2,stop3
0,S_1,HVF,11189,19352,DVF,HVF,HAS,19353,20193,21273,20192,21272,22846
1,S_1,HVF,87942,98341,DVF,HVF,HAS,98342,99183,99798,99182,99797,110361
2,S_1,HVF,216520,224252,DVF,HVF,HAS,224253,225093,225846,225092,225845,233027
3,S_1,HVF,311663,324771,DVF,HVF,HAS,324772,325613,326261,325612,326260,336096
4,a_2,HVF,81103,88484,DVF,HVF,HPE,88485,89326,89910,89325,89909,93133
5,a_2,HVF,422639,428891,DVF,HVF,HPE,428892,429736,430615,429735,430614,433345
6,a_2,HVF,534002,538568,DVF,HVF,HPE,538569,539411,539951,539410,539950,555393
7,a_2,HVF,1148380,1190708,DVF,HVF,HAS,1190709,1191551,1191957,1191550,1191956,1195000
8,a_6,HVF,94696,102390,DVF,HVF,HAS,102391,103235,103657,103234,103656,107475
9,a_7,HVT,530617,541517,DVT,HVT,HPE,541518,542346,542660,542345,542659,543327
10,a_7,HVT,543328,549584,DVT,HVT,HPE,549585,550426,550545,550425,550544,551651
11,a_8,HVF,444788,467946,DVF,HVF,HPE,467947,468787,469242,468786,469241,471507
12,a_8,HVF,525511,532942,DVF,HVF,HPE,532943,533772,534072,533771,534071,548187
13,a_8,HVT,652482,666146,DVT,HVT,HPR,666147,666987,667024,666986,667023,840000
14,a_10,HVF,235347,247092,DVF,HVF,HAS,247093,247920,248473,247919,248472,251201
15,a_10,HVF,343097,349169,DVF,HVF,HAS,349170,350010,350581,350009,350580,355438
16,a_10,HVF,478915,483082,DVF,HVF,HPE,483083,483910,484303,483909,484302,503734
17,a_10,HVF,503735,510814,DVF,HVF,HPE,510815,511660,511757,511659,511756,517689
18,a_11,HVF,111332,123981,DVF,HVF,HAS,123982,124822,125572,124821,125571,126899
19,a_11,HAS,125572,126899,DAS,HAS,HVF,126900,127742,128356,127741,128355,132447
20,a_11,HVF,128356,132447,DVF,HVF,HAS,132448,133292,133928,133291,133927,146359
21,a_11,HVF,256353,262944,DVF,HVF,HAS,262945,263787,264393,263786,264392,265275
22,a_11,HVF,265276,268571,DVF,HVF,HAS,268572,269397,269616,269396,269615,270173
23,a_11,HVF,320682,324974,DVF,HVF,HPE,324975,325817,326347,325816,326346,334758
24,a_11,HVF,381757,382631,DVF,HVF,HPE,382632,383472,383887,383471,383886,406717
25,a_11,HVF,551433,562736,DVF,HVF,HPE,562737,563577,564255,563576,564254,565987
26,a_11,HVF,696507,731257,DVF,HVF,HPE,731258,732097,732799,732096,732798,739384
27,a_11,HVF,774250,784126,DVF,HVF,HPE,784127,784967,785538,784966,785537,790088
28,a_11,HVF,838272,847081,DVF,HVF,HPE,847082,847912,848675,847911,848674,869441
29,a_11,HVF,912346,917020,DVF,HVF,HPE,917021,917847,918462,917846,918461,929778
30,a_11,HVF,1131966,1138676,DVF,HVF,HAS,1138677,1139517,1139929,1139516,1139928,1241460
31,a_12,HVF,263998,268461,DVF,HVF,HPE,268462,269305,269773,269304,269772,273774
32,a_12,HVF,336985,340374,DVF,HVF,HPE,340375,341215,341533,341214,341532,344022
33,a_12,HVF,344023,346402,DVF,HVF,HPE,346403,347245,347577,347244,347576,358352
34,a_12,HVF,386455,389228,DVF,HVF,HPE,389229,390055,390328,390054,390327,391534
35,a_12,HVF,466275,469334,DVF,HVF,HAS,469335,470175,470404,470174,470403,475423
36,a_12,HVF,567327,573278,DVF,HVF,HAS,573279,574120,574459,574119,574458,575070
37,a_12,HVF,688815,691806,DVF,HVF,HAS,691807,692635,692805,692634,692804,694039
38,a_12,HVF,694040,698414,DVF,HVF,HAS,698415,699255,699485,699254,699484,700209
39,a_12,HVF,732759,739361,DVF,HVF,HAS,739362,740205,740435,740204,740434,743868
40,a_12,HVF,749915,753776,DVF,HVF,HAS,753777,754620,754862,754619,754861,759062
41,a_12,HVF,824447,830603,DVF,HVF,HPE,830604,831430,832522,831429,832521,856299
42,a_12,HVF,955190,957875,DVF,HVF,HPE,957876,958720,959064,958719,959063,965308
43,a_12,HVF,1064580,1066872,DVF,HVF,HAS,1066873,1067715,1067949,1067714,1067948,1089349
44,a_12,HVF,1089350,1139221,DVF,HVF,HAS,1139222,1140065,1140252,1140064,1140251,1335274
45,a_13,HVF,72699,82351,DVF,HVF,HAS,82352,83192,83746,83191,83745,91465
46,a_13,HVF,424750,434346,DVF,HVF,HPE,434347,435172,435510,435171,435509,443249
47,a_13,HVF,530353,538655,DVF,HVF,HPE,538656,539482,539764,539481,539763,542641
48,a_14,HVF,96115,102480,DVF,HVF,HAS,102481,103320,103786,103319,103785,106831
49,a_14,HVT,200887,208259,DVT,HVT,HAS,208260,209100,209421,209099,209420,212152
50,a_14,HVT,311458,317872,DVT,HVT,HAS,317873,318715,318904,318714,318903,322335
51,a_14,HVF,424930,430844,DVF,HVF,HAS,430845,431685,431794,431684,431793,433168
52,a_17,HVF,103144,109494,DVF,HVF,HAS,109495,110322,111582,110321,111581,115081
53,a_17,HPE,651792,655332,DPE,HPE,HVT,655333,656172,656430,656171,656429,656975
54,a_17,HPE,756493,763160,DPE,HPE,HVT,763161,764002,764399,764001,764398,773455
55,a_17,HVT,764399,773450,DVT,HVT,HPE,773451,774277,774486,774276,774485,777940
56,a_18,HVF,96160,100481,DVF,HVF,HPE,100482,101325,101877,101324,101876,110448
57,a_18,HVF,296658,301042,DVF,HVF,HPE,301043,301885,302634,301884,302633,318369
58,a_18,HVF,407424,411164,DVF,HVF,HPE,411165,412005,412720,412004,412719,414515
59,a_18,HVT,514892,524255,DVT,HVT,HPE,524256,525085,525956,525084,525955,562756
60,a_19,HVF,68981,78405,DVF,HVF,HPE,78406,79249,79661,79248,79660,88191
61,a_19,HVF,122119,139834,DVF,HVF,HPE,139835,140679,141088,140678,141087,143749
62,a_19,HVF,230189,234665,DVF,HVF,HPE,234666,235494,236060,235493,236059,239917
63,a_20,HVF,118588,126025,DVF,HVF,HAS,126026,126866,127217,126865,127216,131327
64,a_20,HVF,220718,226145,DVF,HVF,HPE,226146,226986,227516,226985,227515,234813
65,a_20,HVF,325921,334723,DVF,HVF,HAS,334724,335566,336016,335565,336015,337737
66,a_20,HVF,440844,446078,DVF,HVF,HAS,446079,446921,447155,446920,447154,449125
67,a_20,HVF,665349,670616,DVF,HVF,HPE,670617,671461,671961,671460,671960,679848
68,a_21,HVF,95115,100201,DVF,HVF,HAS,100202,101045,101256,101044,101255,105489
69,a_21,HVF,201974,206055,DVF,HVF,HAS,206056,206900,207433,206899,207432,210337
70,a_21,HAS,207433,210332,DAS,HAS,HPE,210333,211160,211377,211159,211376,226346
71,a_21,HVF,317815,321070,DVF,HVF,HPE,321071,321900,321930,321899,321929,324734
72,a_21,HVF,446173,449907,DVF,HVF,HAS,449908,450735,451115,450734,451114,456057
73,a_22,HVF,100355,118504,DVF,HVF,HAS,118505,119347,119891,119346,119890,142500
74,a_23,HVF,429016,436262,DVF,HVF,HAS,436263,437106,437592,437105,437591,440575
75,a_23,HVF,553162,558712,DVF,HVF,HPE,558713,559556,560204,559555,560203,563033
76,a_23,HVF,646473,651951,DVF,HVF,HAS,651952,652796,653461,652795,653460,654774
77,a_23,HVF,803303,818824,DVF,HVF,HAS,818825,819666,819964,819665,819963,824566
78,a_23,HVF,859696,874569,DVF,HVF,HAS,874570,875411,876001,875410,876000,882500
79,a_24,HVF,121734,122691,DVF,HVF,HAS,122692,123536,124509,123535,124508,135236
80,a_24,HVF,216210,221802,DVF,HVF,HAS,221803,222646,223346,222645,223345,224252
81,a_24,HVF,314239,320413,DVF,HVF,HAS,320414,321256,321889,321255,321888,323551
82,a_24,HVF,412928,418409,DVF,HVF,HAS,418410,419251,419864,419250,419863,424454
83,a_24,HVF,535347,542832,DVF,HVF,HAS,542833,543676,544052,543675,544051,547513
84,a_25,HVF,22563,25845,DVF,HVF,HPE,25846,26688,27557,26687,27556,34987
85,a_25,HVF,72841,77370,DVF,HVF,HAS,77371,78213,78774,78212,78773,81124
86,a_25,HVF,123612,133448,DVF,HVF,HAS,133449,134288,134830,134287,134829,135736
87,a_25,HVF,184135,190216,DVF,HVF,HAS,190217,191058,191590,191057,191589,192699
88,a_25,HVF,250717,255746,DVF,HVF,HAS,255747,256588,257540,256587,257539,263430
89,a_25,HVF,310911,317063,DVF,HVF,HAS,317064,317903,319239,317902,319238,322927
90,a_25,HVF,437040,443735,DVF,HVF,HAS,443736,444578,445099,444577,445098,447341
91,a_25,HVF,528981,533953,DVF,HVF,HPE,533954,534798,535665,534797,535664,540060
92,a_25,HVF,540061,544475,DVF,HVF,HPE,544476,545318,545721,545317,545720,559071
93,a_25,HVF,559072,567072,DVF,HVF,HAS,567073,567913,568452,567912,568451,574942
94,a_25,HVF,657503,662299,DVF,HVF,HAS,662300,663143,663922,663142,663921,668420
95,a_25,HVF,760915,767513,DVF,HVF,HPE,767514,768353,769004,768352,769003,775785
96,a_25,HPE,769004,775785,DPE,HPE,HAS,775786,776628,777229,776627,777228,779568
97,a_25,HVF,871332,877135,DVF,HVF,HPE,877136,877978,878431,877977,878430,883412
98,a_25,HVF,980701,988456,DVF,HVF,HPE,988457,989298,990292,989297,990291,1448053
99,a_26,HVF,160690,169930,DVF,HVF,HPE,169931,170760,171353,170759,171352,173805
100,a_26,HPE,174645,177483,DPE,HPE,HVF,177484,178325,179002,178324,179001,180422
101,a_27,HVF,142604,144191,DVF,HVF,HAS,144192,145019,145849,145018,145848,148393
102,a_27,HVF,249209,253575,DVF,HVF,HPE,253576,254419,254655,254418,254654,260410
103,a_27,HPR,260411,281680,DPR,HPR,HPE,281681,282509,283205,282508,283204,290845
104,a_27,HVF,387819,392955,DVF,HVF,HPE,392956,393799,393968,393798,393967,401966
105,a_27,HVF,755592,760070,DVF,HVF,HAS,760071,760914,761003,760913,761002,762543
106,a_27,HVF,883162,888433,DVF,HVF,HAS,888434,889274,889300,889273,889299,898741
107,a_27,HVF,910884,913090,DVF,HVF,HAS,913091,913934,914055,913933,914054,914677
108,a_27,HVF,916638,920508,DVF,HVF,HAS,920509,921349,921487,921348,921486,929425
109,a_28,HVF,102307,107400,DVF,HVF,HPE,107401,108242,108441,108241,108440,113853
110,a_28,HVF,403363,406351,DVF,HVF,HAS,406352,407182,407310,407181,407309,409440
111,a_29,HVF,27828,37761,DVF,HVF,HPE,37762,38602,39108,38601,39107,42369
112,a_29,HVF,48401,61793,DVF,HVF,HAS,61794,62622,62988,62621,62987,67388
113,a_31,HVT,89253,93862,DVT,HVT,HAS,93863,94705,95007,94704,95006,103754
114,a_32,HVF,113093,117162,DVF,HVF,HAS,117163,118005,118489,118004,118488,122219
115,a_33,HVF,157085,162429,DVF,HVF,HAS,162430,163271,164411,163270,164410,167617
116,a_34,HVF,8510,96963,DVF,HVF,HAS,96964,97792,99288,97791,99287,103510
117,a_34,HVF,420330,425807,DVF,HVF,HPR,425808,426637,427193,426636,427192,657634
118,a_34,HVF,677967,678282,DVF,HVF,HPR,678283,679122,680403,679121,680402,698269
119,a_34,HVF,735279,741778,DVF,HVF,HPE,741779,742622,742924,742621,742923,747478
120,a_34,HVT,947898,964794,DVT,HVT,HPR,964795,965637,966555,965636,966554,1837500
121,a_35,HVF,117601,122809,DVF,HVF,HAS,122810,123649,124101,123648,124100,126849
122,a_35,HVF,452702,458180,DVF,HVF,HAS,458181,459024,459477,459023,459476,459637
123,a_36,HVF,1,283,DVF,HVF,HAS,284,1124,1675,1123,1674,5526
124,a_36,HVF,39783,46410,DVF,HVF,HPR,46411,47254,47485,47253,47484,511507
125,a_37,HVF,109994,113887,DVF,HVF,HAS,113888,114717,115373,114716,115372,118958
126,a_38,HVF,429005,436757,DVF,HVF,HPR,436758,437584,438186,437583,438185,448921
127,a_38,HVF,448922,454807,DVF,HVF,HPR,454808,455649,456014,455648,456013,462131
128,a_38,HVF,462132,468007,DVF,HVF,HPR,468008,468849,469088,468848,469087,471806
129,a_38,HVF,471807,476289,DVF,HVF,HPR,476290,477134,477403,477133,477402,482546
130,a_38,HVF,482547,486941,DVF,HVF,HPR,486942,487784,488036,487783,488035,592383
131,a_38,HVF,592384,600572,DVF,HVF,HPR,600573,601414,601888,601413,601887,630402
132,a_38,HVF,630403,637371,DVF,HVF,HPE,637372,638214,638298,638213,638297,640132
133,a_38,HVF,640133,645673,DVF,HVF,HPR,645674,646499,646641,646498,646640,654094
134,a_38,HVF,654095,659878,DVF,HVF,HPR,659879,660719,661195,660718,661194,680134
135,a_38,HVF,680135,696202,DVF,HVF,HPR,696203,697044,697082,697043,697081,707911
136,a_38,HVF,837674,845367,DVF,HVF,HVT,845368,846209,847351,846208,847350,855573
137,a_38,HVT,847351,855573,DVT,HVT,HPE,855574,856414,857204,856413,857203,863593
138,a_38,HVF,863594,868604,DVF,HVF,HVT,868605,869444,869894,869443,869893,875717
139,a_38,HVF,982314,995596,DVF,HVF,HVT,995597,996439,996817,996438,996816,1001987
140,a_38,HVF,1026601,1033894,DVF,HVF,HPE,1033895,1034738,1034994,1034737,1034993,1045892
141,a_39,HVF,98145,103353,DVF,HVF,HPE,103354,104196,104797,104195,104796,109581
142,a_39,HPE,110421,115504,DPE,HPE,HVF,115505,116331,116749,116330,116748,120759
143,a_39,HVF,217192,224696,DVF,HVF,HAS,224697,225521,225934,225520,225933,228689
144,a_39,HAS,225934,228689,DAS,HAS,HPE,228690,229531,230115,229530,230114,236316
145,a_39,HVF,332925,340220,DVF,HVF,HAS,340221,341061,341297,341060,341296,345113
146,a_39,HAS,341297,345113,DAS,HAS,HVF,345114,345956,345987,345955,345986,348936
147,a_39,HVF,345987,348931,DVF,HVF,HAS,348932,349761,349917,349760,349916,352582
148,a_39,HVF,441253,448652,DVF,HVF,HAS,448653,449481,449588,449480,449587,451841
149,a_39,HVF,455021,459077,DVF,HVF,HAS,459078,459921,460296,459920,460295,461645
150,a_39,HVF,937873,938252,DVF,HVF,HPE,938253,939096,939483,939095,939482,940904
151,a_39,HVF,1127392,1131693,DVF,HVF,HPE,1131694,1132536,1132876,1132535,1132875,1134072
152,a_41,HVF,150309,157871,DVF,HVF,HAS,157872,158712,159549,158711,159548,161660
153,a_41,HVF,205897,211525,DVF,HVF,HPE,211526,212367,212715,212366,212714,220494
154,a_41,HVF,312273,317398,DVF,HVF,HPR,317399,318242,318998,318241,318997,337867
155,a_41,HVF,448781,449463,DVF,HVF,HPR,449464,450307,450911,450306,450910,517821
156,a_41,HVF,532009,532538,DVF,HVF,HPR,532539,533382,534114,533381,534113,800000
157,a_42,HVF,366371,371212,DVF,HVF,HAS,371213,372056,372671,372055,372670,377590
158,a_42,HAS,468026,473257,DAS,HAS,HPE,473258,474101,474612,474100,474611,476935
159,a_42,HPE,474612,476935,DPE,HPE,HAS,476936,477776,478033,477775,478032,479981
160,a_42,HVF,591780,608361,DVF,HVF,HAS,608362,609201,609789,609200,609788,618815
161,a_42,HVF,618816,633798,DVF,HVF,HPE,633799,634641,635529,634640,635528,701011
162,a_43,HVF,70812,94799,DVF,HVF,HPE,94800,95643,96641,95642,96640,111850
163,l_45,HVF,44,4235,DVF,HVF,HPE,4236,5077,5136,5076,5135,15398
164,l_45,HVF,100461,107029,DVF,HVF,HPE,107030,107857,108427,107856,108426,111802
165,l_45,HVT,192986,201229,DVT,HVT,HVF,201230,202072,202911,202071,202910,215030
166,l_45,HVF,741711,750028,DVF,HVF,HPE,750029,750872,751346,750871,751345,760050
167,l_46,HVF,169853,179442,DVF,HVF,HAS,179443,180284,180945,180283,180944,187945
168,l_46,HVF,223345,236391,DVF,HVF,HAS,236392,237219,237887,237218,237886,246234
169,l_46,HVF,308487,312789,DVF,HVF,HPE,312790,313619,314008,313618,314007,316379
170,l_46,HVF,351610,361525,DVF,HVF,HAS,361526,362354,362795,362353,362794,371393
171,l_46,HVF,437792,451640,DVF,HVF,HPR,451641,452469,452527,452468,452526,474985
172,l_46,HVF,568589,579113,DVF,HVF,HPR,579114,579939,580005,579938,580004,582503
173,l_47,HVF,4761,13446,DVF,HVF,HAS,13447,14275,14774,14274,14773,21282
174,l_47,HVF,28078,39643,DVF,HVF,HAS,39644,40485,41227,40484,41226,48980
175,l_47,HVF,63932,71158,DVF,HVF,HAS,71159,72000,72664,71999,72663,79679
176,l_49,HVF,34,6824,DVF,HVF,HAS,6825,7652,8485,7651,8484,14104
177,l_49,HVF,41198,110684,DVF,HVF,HAS,110685,111512,112280,111511,112279,118324
178,l_49,HVF,132920,142674,DVF,HVF,HAS,142675,143502,144097,143501,144096,146547
179,l_50,HVF,224617,246276,DVF,HVF,HAS,246277,247117,247659,247116,247658,263996
180,l_50,HVF,287882,297765,DVF,HVF,HAS,297766,298592,298990,298591,298989,311951
181,l_50,HVF,383860,385240,DVF,HVF,HPE,385241,386067,386325,386066,386324,391434
182,l_50,HVF,397517,407747,DVF,HVF,HPE,407748,408572,408838,408571,408837,411794
183,l_52,HVF,1,468,DVF,HVF,HAS,469,1294,2571,1293,2570,6721
184,l_53,HVF,17238,24639,DVF,HVF,HAS,24640,25481,26142,25480,26141,27886
185,l_53,HVF,27887,36290,DVF,HVF,HAS,36291,37131,37677,37130,37676,45142
186,l_54,HVF,46,6621,DVF,HVF,HAS,6622,7463,7760,7462,7759,13243
187,l_54,HVF,149157,176027,DVF,HVF,HPE,176028,176869,177354,176868,177353,180272
188,l_54,HVF,265946,274863,DVF,HVF,HPE,274864,275704,275883,275703,275882,283139
189,l_55,HVF,42541,52561,DVF,HVF,HAS,52562,53402,54167,53401,54166,62256
190,l_56,HVF,1,211,DVF,HVF,HAS,212,1053,1777,1052,1776,22141
191,l_56,HVF,111358,122630,DVF,HVF,HAS,122631,123473,124017,123472,124016,126229
192,l_56,HVF,318085,329756,DVF,HVF,HAS,329757,330598,331162,330597,331161,345130
193,l_56,HVF,530048,540120,DVF,HVF,HAS,540121,540948,541616,540947,541615,588514
194,l_58,HVF,9162,13932,DVF,HVF,HPE,13933,14776,15407,14775,15406,348490
195,l_60,HVF,1,641,DVF,HVF,HAS,642,1482,2145,1481,2144,21840
196,l_60,HVF,82384,90776,DVF,HVF,HAS,90777,91617,92181,91616,92180,101230
197,l_60,HVF,132313,142117,DVF,HVF,HAS,142118,142962,143418,142961,143417,162484
198,l_60,HVF,166602,177707,DVF,HVF,HAS,177708,178547,178874,178546,178873,195422
199,l_60,HVF,271103,279599,DVF,HVF,HAS,279600,280442,280738,280441,280737,289176
200,l_60,HVF,348929,358072,DVF,HVF,HPE,358073,358902,359060,358901,359059,360373
201,l_60,HVF,360374,369169,DVF,HVF,HPE,369170,369997,370101,369996,370100,372384
202,l_60,HVF,422958,439946,DVF,HVF,HPE,439947,440772,440945,440771,440944,496132
203,l_61,HVT,613205,622096,DVT,HVT,HAS,622097,622925,623245,622924,623244,626083
204,l_62,HVF,213690,225258,DVF,HVF,HAS,225259,226085,226504,226084,226503,237425
205,l_62,HVF,259894,317068,DVF,HVF,HAS,317069,317910,318417,317909,318416,360000
206,l_63,HVF,324954,338257,DVF,HVF,HAS,338258,339099,340037,339098,340036,359464
207,l_63,HVF,434156,441332,DVF,HVF,HAS,441333,442174,443264,442173,443263,446008
208,l_63,HVF,558062,565032,DVF,HVF,HAS,565033,565874,566723,565873,566722,569201
209,l_63,HVF,704680,711356,DVF,HVF,HAS,711357,712199,712871,712198,712870,713561
210,l_63,HVF,835744,844018,DVF,HVF,HPE,844019,844844,845335,844843,845334,856379
211,l_65,HVF,1,6259,DVF,HVF,HPE,6260,7101,7908,7100,7907,24213
212,l_65,HVF,605529,622949,DVF,HVF,HPE,622950,623776,624335,623775,624334,627303
213,l_65,HVF,627304,636095,DVF,HVF,HPR,636096,636936,636986,636935,636985,664561
214,l_66,HVF,1,2613,DVF,HVF,HAS,2614,3443,4400,3442,4399,21518
215,l_66,HVF,37912,46286,DVF,HVF,HPE,46287,47128,48126,47127,48125,53301
216,l_66,HVF,113756,127315,DVF,HVF,HPE,127316,128143,128931,128142,128930,145652
217,l_66,HVF,202644,215107,DVF,HVF,HPE,215108,215948,216465,215947,216464,219636
218,l_66,HVF,384539,399219,DVF,HVF,HPE,399220,400063,400563,400062,400562,414505
219,l_66,HVF,432286,448641,DVF,HVF,HPE,448642,449483,449780,449482,449779,466063
220,l_66,HVF,616633,628324,DVF,HVF,HPR,628325,629168,630017,629167,630016,670349
221,l_66,HVF,730138,743434,DVF,HVF,HPR,743435,744278,744602,744277,744601,758306
222,l_66,HVF,813211,864443,DVF,HVF,HPR,864444,865288,865841,865287,865840,866238
223,l_67,HVF,51768,62435,DVF,HVF,HAS,62436,63278,64119,63277,64118,66316
224,l_67,HVF,66317,74266,DVF,HVF,HPE,74267,75093,75724,75092,75723,98460
225,l_67,HVF,159324,196667,DVF,HVF,HAS,196668,197508,198240,197507,198239,226730
226,s_72,HVF,114,6907,DVF,HVF,HAS,6908,7748,8180,7747,8179,16545
227,s_73,HVF,18991,27541,DVF,HVF,HAS,27542,28384,28930,28383,28929,49493
228,s_73,HVF,266338,278381,DVF,HVF,HPR,278382,279224,279627,279223,279626,545737
229,s_75,HVF,517756,526966,DVF,HVF,HPE,526967,527807,528574,527806,528573,537515
230,s_75,HVF,591712,602777,DVF,HVF,HPE,602778,603617,604782,603616,604781,611457
231,s_76,HVF,166855,177189,DVF,HVF,HAS,177190,178034,178547,178033,178546,193268
232,s_76,HVF,323939,333798,DVF,HVF,HPR,333799,334639,334865,334638,334864,383512
233,s_78,HVF,158137,171066,DVF,HVF,HAS,171067,171897,173014,171896,173013,184691
234,s_78,HVF,252390,261977,DVF,HVF,HPR,261978,262822,264222,262821,264221,280838
235,s_78,HVF,411120,419620,DVF,HVF,HPR,419621,420462,421692,420461,421691,467012
236,s_78,HVF,487413,495893,DVF,HVF,HPE,495894,496737,497813,496736,497812,518091
237,s_79,HVF,704660,714675,DVF,HVF,HPE,714676,715506,716342,715505,716341,727426
238,s_79,HVF,763724,774594,DVF,HVF,HPE,774595,775436,776364,775435,776363,777949
239,s_79,HVF,902352,912404,DVF,HVF,HPE,912405,913246,914673,913245,914672,919521
240,s_80,HVT,230003,239619,DVT,HVT,HPE,239620,240448,241407,240447,241406,241784
241,s_81,HVF,289846,298840,DVF,HVF,HPE,298841,299669,300127,299668,300126,307053
242,s_81,HVF,346892,354448,DVF,HVF,HPR,354449,355289,356093,355288,356092,395867
243,s_81,HVF,395868,409538,DVF,HVF,HPE,409539,410379,410870,410378,410869,421013
244,s_81,HVF,746179,759071,DVF,HVF,HPE,759072,759899,760839,759898,760838,790634
245,s_81,HVF,790635,801699,DVF,HVF,HPR,801700,802544,803741,802543,803740,834818
246,s_81,HVF,919313,945268,DVF,HVF,HPE,945269,946109,947020,946108,947019,958130
247,s_81,HVF,994880,1009203,DVF,HVF,HPE,1009204,1010029,1010429,1010028,1010428,1020272
248,s_82,HVF,66,8092,DVF,HVF,HAS,8093,8935,10187,8934,10186,35363
249,s_82,HVF,104111,126970,DVF,HVF,HAS,126971,127810,128998,127809,128997,135857
250,s_82,HVF,182608,195691,DVF,HVF,HAS,195692,196535,197012,196534,197011,198862
251,s_82,HVF,230279,241259,DVF,HVF,HAS,241260,242100,242725,242099,242724,250549
252,s_82,HVF,264787,280002,DVF,HVF,HAS,280003,280830,281933,280829,281932,292598
253,s_82,HVF,330179,352864,DVF,HVF,HAS,352865,353705,354303,353704,354302,368157
254,s_82,HVF,400538,410718,DVF,HVF,HAS,410719,411560,411816,411559,411815,418393
255,s_82,HVF,454243,457299,DVF,HVF,HAS,457300,458125,458222,458124,458221,466125
256,s_82,HVF,489789,499718,DVF,HVF,HPE,499719,500560,500885,500559,500884,511225
257,s_82,HVF,560291,572812,DVF,HVF,HPR,572813,573655,573729,573654,573728,1201288
258,s_83,HVF,419341,427518,DVF,HVF,HAS,427519,428361,429741,428360,429740,431660
259,s_83,HVF,525686,536163,DVF,HVF,HAS,536164,537006,537992,537005,537991,543474
260,s_83,HVF,565310,574152,DVF,HVF,HAS,574153,574996,575901,574995,575900,578596
261,s_83,HVF,659900,668051,DVF,HVF,HAS,668052,668896,669910,668895,669909,672912
262,s_83,HVF,767029,775756,DVF,HVF,HAS,775757,776601,777528,776600,777527,783815
263,s_83,HVF,806760,816505,DVF,HVF,HAS,816506,817346,818460,817345,818459,824465
264,s_83,HVF,858042,866908,DVF,HVF,HAS,866909,867751,869089,867750,869088,874573
265,s_84,HVF,151773,191313,DVF,HVF,HAS,191314,192142,192743,192141,192742,205511
266,s_84,HVF,355695,455500,DVF,HVF,HAS,455501,456342,456986,456341,456985,462821
267,s_84,HVF,479078,496703,DVF,HVF,HAS,496704,497547,498195,497546,498194,506160
268,s_85,HVF,453562,464039,DVF,HVF,HPE,464040,464882,465453,464881,465452,475720
269,s_85,HVF,560747,571142,DVF,HVF,HAS,571143,571987,572676,571986,572675,576783
270,s_85,HVF,686942,697255,DVF,HVF,HPE,697256,698097,698889,698096,698888,708084
271,s_86,HVF,45603,56586,DVF,HVF,HAS,56587,57428,58707,57427,58706,72526
272,s_86,HVF,99292,111995,DVF,HVF,HAS,111996,112838,113908,112837,113907,132705
273,s_86,HVF,156823,168029,DVF,HVF,HAS,168030,168873,169527,168872,169526,187467
274,s_86,HVF,321226,330294,DVF,HVF,HPE,330295,331138,332384,331137,332383,347702
275,s_87,HVF,69317,90349,DVF,HVF,HAS,90350,91190,91798,91189,91797,98578
276,s_87,HVF,136143,144519,DVF,HVF,HAS,144520,145360,145846,145359,145845,156513
277,s_89,HVF,149004,156877,DVF,HVF,HAS,156878,157719,158384,157718,158383,165354
278,s_90,HVF,1956,12475,DVF,HVF,HAS,12476,13306,13807,13305,13806,27581
279,s_90,HVF,142708,156966,DVF,HVF,HAS,156967,157811,158527,157810,158526,170139
280,s_90,HVF,207764,221363,DVF,HVF,HAS,221364,222206,222991,222205,222990,231465
281,s_90,HVF,265647,275181,DVF,HVF,HPE,275182,276011,276539,276010,276538,278985
282,s_90,HVF,278986,286909,DVF,HVF,HPE,286910,287751,288363,287750,288362,326427
284,s_91,HVF,103916,106803,DVF,HVF,HAS,106804,107647,108358,107646,108357,115857
285,s_91,HVF,255744,264416,DVF,HVF,HPE,264417,265257,265929,265256,265928,282606
286,s_91,HVF,831295,841555,DVF,HVF,HPE,841556,842397,842547,842396,842546,853997
287,s_91,HVF,941674,951031,DVF,HVF,HPE,951032,951872,951948,951871,951947,960176
288,s_91,HVF,1015817,1026920,DVF,HVF,HPE,1026921,1027761,1027806,1027760,1027805,1039745
289,s_92,HVF,1,1446,DVF,HVF,HAS,1447,2291,2990,2290,2989,10412
290,s_92,HVF,77536,87971,DVF,HVF,HAS,87972,88811,89861,88810,89860,104164
291,s_92,HVF,631270,641541,DVF,HVF,HPE,641542,642371,642788,642370,642787,650104
292,s_93,HVF,1,493,DVF,HVF,HAS,494,1338,2495,1337,2494,8385
293,s_93,HVF,205831,217620,DVF,HVF,HAS,217621,218463,219149,218462,219148,228787
294,s_94,HVF,1,1241,DVF,HVF,HAS,1242,2071,2537,2070,2536,13787
295,s_94,HVF,48586,59152,DVF,HVF,HAS,59153,59996,60272,59995,60271,62057
296,s_95,HVT,282688,292539,DVT,HVT,HAS,292540,293368,293880,293367,293879,301823
297,s_95,HVT,358223,368685,DVT,HVT,HAS,368686,369528,369982,369527,369981,375854
298,s_96,HVF,43308,52661,DVF,HVF,HAS,52662,53505,54358,53504,54357,60030
299,s_96,HVF,251819,260715,DVF,HVF,HAS,260716,261560,262300,261559,262299,263427
300,s_97,HVF,11783,20260,DVF,HVF,HAS,20261,21104,21804,21103,21803,29335
301,s_98,HVF,1,493,DVF,HVF,HAS,494,1338,2396,1337,2395,8998
302,s_98,HVF,205831,217620,DVF,HVF,HAS,217621,218463,219217,218462,219216,228787
303,s_100,HVF,199117,215529,DVF,HVF,HPE,215530,216357,217033,216356,217032,249303
304,s_100,HVF,254964,275340,DVF,HVF,HPE,275341,276182,276738,276181,276737,307727
305,s_101,HVF,318829,327738,DVF,HVF,HAS,327739,328578,329305,328577,329304,364873
306,s_103,HVF,53205,69369,DVF,HVF,HAS,69370,70210,70564,70209,70563,78277
307,s_103,HVF,122462,131091,DVF,HVF,HAS,131092,131935,131986,131934,131985,139174
308,s_103,HVF,188346,197461,DVF,HVF,HAS,197462,198290,198310,198289,198309,206087
309,s_104,HVF,1,1743,DVF,HVF,HPE,1744,2585,3606,2584,3605,14436
310,s_104,HVF,134364,144384,DVF,HVF,HAS,144385,145225,145762,145224,145761,156338
311,a_162,HVF,62,1856,DVF,HVF,HAS,1857,2696,3276,2695,3275,7895
312,a_162,HVF,147573,152047,DVF,HVF,HAS,152048,152891,153786,152890,153785,161178
313,a_170,HVT,227651,277282,DVT,HVT,HPR,277283,278113,279097,278112,279096,884766
314,a_173,HVT,559221,573992,DVT,HVT,HPE,573993,574836,575296,574835,575295,578006
315,a_173,HVT,710096,713284,DVT,HVT,HPE,713285,714111,714623,714110,714622,716792
316,a_173,HVF,941348,948562,DVF,HVF,HPE,948563,949406,949753,949405,949752,952360
317,a_173,HVF,1063336,1072889,DVF,HVF,HAS,1072890,1073731,1074077,1073730,1074076,1077347
318,a_176,HVF,159695,256206,DVF,HVF,HAS,256207,257048,257917,257047,257916,263074
319,a_176,HVF,578932,594166,DVF,HVF,HPR,594167,595008,595949,595007,595948,1100066
320,a_181,HVF,453478,465930,DVF,HVF,HAS,465931,466770,467670,466769,467669,474371
321,a_181,HPE,603494,606195,DPE,HPE,HAS,606196,607035,607480,607034,607479,614036
322,a_181,HVF,708736,715844,DVF,HVF,HPE,715845,716670,717061,716669,717060,721867
323,a_181,HPE,853842,888351,DPE,HPE,HAS,888352,889180,889491,889179,889490,896242
324,a_186,HVF,130427,137372,DVF,HVF,HPR,137373,138201,138629,138200,138628,189636
325,l_212,HVF,1,1333,DVF,HVF,HPE,1334,2175,2476,2174,2475,5355
326,l_212,HVF,15130,25466,DVF,HVF,HPE,25467,26310,26558,26309,26557,27177
327,l_212,HVF,85415,95890,DVF,HVF,HPE,95891,96735,96851,96734,96850,97282
328,l_212,HVF,115006,119338,DVF,HVF,HPE,119339,120180,120537,120179,120536,120640
329,l_216,HVF,12275,22221,DVF,HVF,HAS,22222,23050,23555,23049,23554,25035
330,l_216,HVF,85163,93601,DVF,HVF,HAS,93602,94445,94918,94444,94917,97286
331,l_216,HVF,110889,117058,DVF,HVF,HAS,117059,117900,118396,117899,118395,120605
332,l_216,HVF,131302,159706,DVF,HVF,HAS,159707,160535,161136,160534,161135,171422
333,l_216,HVF,191536,197265,DVF,HVF,HAS,197266,198110,198639,198109,198638,208328
334,l_216,HVF,217854,245237,DVF,HVF,HAS,245238,246065,246415,246064,246414,249008
335,l_216,HVF,269660,277238,DVF,HVF,HPE,277239,278065,278290,278064,278289,281105
336,l_216,HVF,330593,339990,DVF,HVF,HAS,339991,340835,341184,340834,341183,348420
337,l_216,HVF,360056,362454,DVF,HVF,HPE,362455,363295,363526,363294,363525,365115
338,l_216,HVF,396722,404192,DVF,HVF,HAS,404193,405020,405234,405019,405233,408272
339,l_216,HVF,442180,449259,DVF,HVF,HAS,449260,450100,450431,450099,450430,460282
340,l_216,HVF,474634,481855,DVF,HVF,HAS,481856,482695,482823,482694,482822,484420
341,l_216,HVF,507427,515831,DVF,HVF,HAS,515832,516660,516818,516659,516817,528401
342,l_220,HVF,6007,13201,DVF,HVF,HAS,13202,14042,14927,14041,14926,19916
343,l_220,HVF,19917,34614,DVF,HVF,HAS,34615,35457,36016,35456,36015,39371
344,l_220,HAS,45445,47260,DAS,HAS,HVF,47261,48102,48613,48101,48612,68009
345,l_220,HVF,96290,106477,DVF,HVF,HAS,106478,107307,107677,107306,107676,111862
346,l_220,HVF,734638,742474,DVF,HVF,HAS,742475,743317,743768,743316,743767,746237
347,l_220,HVF,793729,801668,DVF,HVF,HAS,801669,802512,802863,802511,802862,810473
348,l_220,HVF,810474,824211,DVF,HVF,HAS,824212,825052,825522,825051,825521,829801
349,l_226,HVF,82724,131747,DVF,HVF,HAS,131748,132575,133004,132574,133003,180174
350,l_226,HVF,220718,227304,DVF,HVF,HAS,227305,228145,228543,228144,228542,238003
351,l_226,HVF,329851,341743,DVF,HVF,HAS,341744,342570,342975,342569,342974,347221
352,l_226,HVF,347222,354809,DVF,HVF,HAS,354810,355635,356037,355634,356036,369352
353,l_226,HVF,412245,421980,DVF,HVF,HAS,421981,422825,423140,422824,423139,426787
354,l_226,HVF,509227,522498,DVF,HVF,HAS,522499,523325,523712,523324,523711,531006
355,s_245,HVF,58,3537,DVF,HVF,HAS,3538,4378,4917,4377,4916,12316
356,s_245,HVT,221732,233126,DVT,HVT,HAS,233127,233968,234518,233967,234517,238267
357,s_245,HVF,390257,400321,DVF,HVF,HPE,400322,401163,401717,401162,401716,412057
358,s_245,HVF,443011,453002,DVF,HVF,HPE,453003,453843,453893,453842,453892,475060
359,s_245,HVF,565408,579023,DVF,HVF,HAS,579024,579868,580736,579867,580735,584781
360,s_253,HVF,193,4894,DVF,HVF,HAS,4895,5735,6547,5734,6546,16237
361,s_253,HVF,140338,152506,DVF,HVF,HAS,152507,153350,153882,153349,153881,161403
362,s_257,HVF,96,6439,DVF,HVF,HAS,6440,7281,7396,7280,7395,31345
363,s_259,HVF,328001,361606,DVF,HVF,HPE,361607,362449,363104,362448,363103,383365
364,s_259,HVF,383366,395892,DVF,HVF,HPE,395893,396734,397021,396733,397020,399809
365,a_270,HVF,98467,108843,DVF,HVF,HAS,108844,109684,110296,109683,110295,112930
366,a_270,HVF,206525,214821,DVF,HVF,HAS,214822,215649,216301,215648,216300,219615
367,a_270,HVF,318591,326808,DVF,HVF,HAS,326809,327649,328200,327648,328199,331472
368,a_271,HVF,1,721,DVF,HVF,HAS,722,1562,2833,1561,2832,3600
369,a_271,HVF,219662,228147,DVF,HVF,HAS,228148,228977,229576,228976,229575,229756
370,a_271,HVF,336386,341156,DVF,HVF,HPE,341157,341997,342632,341996,342631,350673
371,a_271,HVF,350674,359840,DVF,HVF,HAS,359841,360682,361137,360681,361136,365448
372,a_271,HPE,476995,479771,DPE,HPE,HAS,479772,480612,481141,480611,481140,485427
373,a_271,HVF,685613,690237,DVF,HVF,HPE,690238,691082,691186,691081,691185,698077
374,a_271,HVF,698078,702614,DVF,HVF,HPE,702615,703457,703790,703456,703789,720964
375,a_271,HVT,841098,850657,DVT,HVT,HPE,850658,851502,851737,851501,851736,855600
376,a_275,HVF,289345,299161,DVF,HVF,HPE,299162,300005,300494,300004,300493,315420
377,a_275,HVF,409476,414764,DVF,HVF,HPE,414765,415605,416143,415604,416142,435513
378,a_279,HVF,89581,96981,DVF,HVF,HAS,96982,97824,98798,97823,98797,99911
379,a_282,HVF,2900,14468,DVF,HVF,HAS,14469,15308,16335,15307,16334,19694
380,a_282,HVF,95650,96640,DVF,HVF,HPE,96641,97483,97861,97482,97860,104538
381,a_282,HVF,342937,347763,DVF,HVF,HPR,347764,348603,348678,348602,348677,439146
382,a_284,HVF,1,23608,DVF,HVF,HAS,23609,24450,25207,24449,25206,36726
383,a_287,HVF,106212,113607,DVF,HVF,HAS,113608,114437,115055,114436,115054,117845
384,a_287,HVF,221972,232454,DVF,HVF,HAS,232455,233297,233821,233296,233820,235990
385,a_287,HVF,336512,343361,DVF,HVF,HPE,343362,344202,345244,344201,345243,358595
386,a_287,HVF,723462,774395,DVF,HVF,HPE,774396,775227,775949,775226,775948,788710
387,a_291,HVF,134968,149569,DVF,HVF,HAS,149570,150398,150860,150397,150859,155737
388,a_291,HVF,249924,260853,DVF,HVF,HAS,260854,261693,262138,261692,262137,266225
389,a_291,HVF,356170,361479,DVF,HVF,HAS,361480,362323,362997,362322,362996,366472
390,a_291,HVF,447510,474249,DVF,HVF,HAS,474250,475078,475675,475077,475674,481739
391,a_291,HVF,576941,582694,DVF,HVF,HPE,582695,583538,584409,583537,584408,600967
392,a_291,HVF,697051,700898,DVF,HVF,HAS,700899,701728,702127,701727,702126,704115
393,a_292,HVF,110716,118312,DVF,HVF,HAS,118313,119142,119632,119141,119631,122808
394,a_292,HVF,217350,223665,DVF,HVF,HAS,223666,224507,225198,224506,225197,227383
395,a_292,HVF,441101,450834,DVF,HVF,HPE,450835,451677,452138,451676,452137,457203
396,a_295,HVF,153529,158529,DVF,HVF,HAS,158530,159373,160605,159372,160604,163087
397,a_295,HVF,306596,316686,DVF,HVF,HAS,316687,317528,318427,317527,318426,322946
398,a_295,HVF,454003,459324,DVF,HVF,HAS,459325,460153,460903,460152,460902,465504
399,a_295,HPE,555725,567981,DPE,HPE,HAS,567982,568823,569443,568822,569442,572531
400,a_297,HVF,102029,109118,DVF,HVF,HAS,109119,109959,110254,109958,110253,118069
401,a_298,HPE,114585,138063,DPE,HPE,HAS,138064,138907,139816,138906,139815,143316
402,a_299,HVF,537121,548404,DVF,HVF,HAS,548405,549245,550501,549244,550500,551007
403,a_299,HPE,937612,949061,DPE,HPE,HAS,949062,949905,950891,949904,950890,954729
404,a_302,HVF,119163,127156,DVF,HVF,HAS,127157,127998,129441,127997,129440,133114
405,a_302,HVF,231712,239544,DVF,HVF,HPR,239545,240373,241555,240372,241554,265979
406,a_304,HVF,75151,82983,DVF,HVF,HAS,82984,83824,84687,83823,84686,98397
407,a_304,HVF,221671,228644,DVF,HVF,HAS,228645,229484,230190,229483,230189,236991
408,a_306,HVF,94428,99506,DVF,HVF,HPE,99507,100348,101265,100347,101264,106423
409,a_306,HVF,282692,292287,DVF,HVF,HPE,292288,293128,294078,293127,294077,296881
410,a_306,HPE,297723,302408,DPE,HPE,HPR,302409,303253,303654,303252,303653,315962
411,a_306,HVF,625889,633004,DVF,HVF,HAS,633005,633848,634714,633847,634713,643608
412,a_306,HVT,1331944,1335999,DVT,HVT,HPR,1336000,1336828,1337421,1336827,1337420,1341870
413,a_306,HVT,1409305,1417633,DVT,HVT,HPR,1417634,1418478,1419342,1418477,1419341,1440448
414,a_306,HVT,1440449,1449824,DVT,HVT,HPR,1449825,1450653,1451138,1450652,1451137,1494123
415,a_306,HVT,1494124,1505486,DVT,HVT,HPR,1505487,1506328,1506757,1506327,1506756,1541131
416,a_306,HVT,1541132,1551168,DVT,HVT,HPR,1551169,1551993,1552125,1551992,1552124,1557500
417,l_311,HVF,106241,115342,DVF,HVF,HPE,115343,116185,116604,116184,116603,118873
418,l_313,HVF,309090,327241,DVF,HVF,HAS,327242,328085,328761,328084,328760,329908
420,l_313,HVF,576181,582901,DVF,HVF,HPE,582902,583745,584145,583744,584144,595162
421,l_313,HVF,659535,675008,DVF,HVF,HPE,675009,675835,676397,675834,676396,683359
422,l_313,HVF,935360,948206,DVF,HVF,HAS,948207,949050,949320,949049,949319,957013
423,l_313,HVF,981633,989925,DVF,HVF,HAS,989926,990765,991034,990764,991033,996717
424,l_313,HVF,1162512,1171390,DVF,HVF,HAS,1171391,1172235,1172472,1172234,1172471,1179264
425,l_318,HVF,4678,13837,DVF,HVF,HPE,13838,14681,14881,14680,14880,16910
426,l_318,HVF,195742,203176,DVF,HVF,HPE,203177,204016,204327,204015,204326,215790
427,l_318,HVF,215791,229908,DVF,HVF,HPE,229909,230736,231120,230735,231119,235079
428,l_320,HVF,189346,199131,DVF,HVF,HAS,199132,199960,201095,199959,201094,232458
429,l_321,HVF,329131,341795,DVF,HVF,HPR,341796,342636,343484,342635,343483,349566
430,l_321,HVF,349567,367091,DVF,HVF,HPR,367092,367921,368614,367920,368613,570270
431,l_322,HVF,54097,64052,DVF,HVF,HAS,64053,64881,65375,64880,65374,66297
432,l_322,HVF,277528,302347,DVF,HVF,HAS,302348,303191,303834,303190,303833,307410
433,l_322,HVF,311647,315402,DVF,HVF,HAS,315403,316246,316769,316245,316768,321325
434,l_322,HVF,663588,675648,DVF,HVF,HAS,675649,676491,676982,676490,676981,682480
435,l_322,HPE,682481,689528,DPE,HPE,HAS,689529,690356,690958,690355,690957,702796
436,l_323,HVF,1,2121,DVF,HVF,HVT,2122,2947,3698,2946,3697,13417
437,l_323,HVT,3698,13412,DVT,HVT,HAS,13413,14242,14974,14241,14973,23736
438,l_323,HVF,111290,118968,DVF,HVF,HAS,118969,119812,120731,119811,120730,125563
439,l_324,HVF,281358,292822,DVF,HVF,HAS,292823,293665,294781,293664,294780,301591
440,l_325,HVF,86969,94407,DVF,HVF,HPE,94408,95250,96239,95249,96238,106483
441,l_326,HVF,13618,21982,DVF,HVF,HAS,21983,22823,23667,22822,23666,29762
442,l_326,HVF,69339,77885,DVF,HVF,HAS,77886,78728,79460,78727,79459,79862
443,l_326,HVF,83175,91111,DVF,HVF,HAS,91112,91953,92864,91952,92863,95786
444,l_326,HVF,108821,123456,DVF,HVF,HAS,123457,124298,124768,124297,124767,130130
445,l_326,HVF,142336,153397,DVF,HVF,HAS,153398,154238,154856,154237,154855,155454
446,l_326,HVF,210628,228439,DVF,HVF,HAS,228440,229283,230096,229282,230095,243850
447,l_326,HVF,306101,317218,DVF,HVF,HAS,317219,318063,318657,318062,318656,320146
448,l_326,HVF,327835,332459,DVF,HVF,HAS,332460,333303,334013,333302,334012,338946
449,l_331,HVF,679678,693033,DVF,HVF,HAS,693034,693858,694555,693857,694554,700800
450,l_332,HVF,10663,19225,DVF,HVF,HAS,19226,20068,20926,20067,20925,35633
451,l_332,HVF,277063,289314,DVF,HVF,HPE,289315,290143,290736,290142,290735,294468
452,l_332,HVF,294469,309578,DVF,HVF,HPE,309579,310418,310932,310417,310931,317332
453,l_332,HVF,378300,391401,DVF,HVF,HPR,391402,392228,392441,392227,392440,404929
454,l_332,HVF,420924,427852,DVF,HVF,HPE,427853,428678,429037,428677,429036,431428
455,l_332,HVT,431429,441297,DVT,HVT,HAS,441298,442138,442794,442137,442793,447049
456,l_332,HVF,543297,561561,DVF,HVF,HPE,561562,562388,563100,562387,563099,569176
457,l_332,HVF,666644,680950,DVF,HVF,HPE,680951,681793,682002,681792,682001,685694
458,l_335,HVF,1,2084,DVF,HVF,HAS,2085,2925,3318,2924,3317,19502
459,l_335,HVF,51463,61466,DVF,HVF,HAS,61467,62295,62566,62294,62565,87652
460,l_335,HVF,118075,128021,DVF,HVF,HPE,128022,128850,129660,128849,129659,145335
461,l_335,HVF,698751,709217,DVF,HVF,HPE,709218,710060,710431,710059,710430,749910
462,l_335,HVF,885410,888027,DVF,HVF,HPE,888028,888855,889149,888854,889148,912812
463,l_336,HVF,1,5876,DVF,HVF,HAS,5877,6719,7423,6718,7422,12202
464,l_336,HVF,65509,69578,DVF,HVF,HAS,69579,70404,71157,70403,71156,78112
465,l_336,HVF,187116,202472,DVF,HVF,HAS,202473,203299,204022,203298,204021,206548
466,l_336,HVF,285116,298075,DVF,HVF,HAS,298076,298919,299475,298918,299474,301232
467,l_336,HVF,467495,481141,DVF,HVF,HPE,481142,481969,482686,481968,482685,574533
468,l_339,HVF,71670,82138,DVF,HVF,HAS,82139,82981,83641,82980,83640,91879
469,l_339,HVF,107006,118923,DVF,HVF,HAS,118924,119766,120234,119765,120233,122083
470,l_339,HVF,168329,170078,DVF,HVF,HAS,170079,170921,171270,170920,171269,175398
471,l_342,HVF,237349,247490,DVF,HVF,HPE,247491,248334,248924,248333,248923,307251
472,l_342,HVF,307252,323654,DVF,HVF,HPE,323655,324494,325033,324493,325032,333682
473,l_342,HVF,357669,375333,DVF,HVF,HPE,375334,376174,376428,376173,376427,379461
474,l_342,HVF,544374,556783,DVF,HVF,HPE,556784,557624,557942,557623,557941,572274
475,l_342,HVF,680779,692515,DVF,HVF,HPE,692516,693344,693734,693343,693733,695543
476,l_343,HVF,17918,24588,DVF,HVF,HAS,24589,25431,25733,25430,25732,27039
477,l_343,HVF,86920,105290,DVF,HVF,HAS,105291,106132,106634,106131,106633,122595
478,l_345,HVF,1,2074,DVF,HVF,HAS,2075,2916,2967,2915,2966,11685
479,l_345,HVF,17778,26622,DVF,HVF,HAS,26623,27466,27578,27465,27577,33449
480,l_345,HVF,33450,52114,DVF,HVF,HAS,52115,52956,53013,52955,53012,59727
481,l_345,HVF,675564,685371,DVF,HVF,HPE,685372,686216,686527,686215,686526,694470
482,l_345,HVF,751428,755497,DVF,HVF,HPE,755498,756341,756690,756340,756689,765029
483,l_346,HVF,168304,186463,DVF,HVF,HPE,186464,187305,187866,187304,187865,212500
484,l_349,HVF,173836,187648,DVF,HVF,HPE,187649,188490,189491,188489,189490,204982
485,l_349,HVF,215554,221803,DVF,HVF,HPE,221804,222645,223404,222644,223403,237367
486,l_349,HVF,247217,255668,DVF,HVF,HPE,255669,256510,257101,256509,257100,269134
487,l_350,HVF,144386,158874,DVF,HVF,HAS,158875,159700,160378,159699,160377,169767
488,l_357,HVF,1,3454,DVF,HVF,HAS,3455,4297,4769,4296,4768,27109
489,s_360,HVF,148126,158144,DVF,HVF,HAS,158145,158985,160255,158984,160254,166279
490,s_360,HVF,226980,237575,DVF,HVF,HPE,237576,238415,238745,238414,238744,250191
491,s_363,HVF,6837,15120,DVF,HVF,HAS,15121,15950,17082,15949,17081,25091
492,s_366,HVF,290120,304147,DVF,HVF,HAS,304148,304988,305145,304987,305144,319790
493,s_375,HVF,1,4102,DVF,HVF,HPE,4103,4947,5174,4946,5173,15355
494,s_375,HVF,121417,129675,DVF,HVF,HAS,129676,130517,130913,130516,130912,167224
495,s_375,HVF,243040,255142,DVF,HVF,HAS,255143,255987,256741,255986,256740,270077
496,s_375,HVF,335895,360975,DVF,HVF,HAS,360976,361817,362594,361816,362593,370340
497,s_381,HVF,497504,505389,DVF,HVF,HPE,505390,506219,506877,506218,506876,537259
498,s_382,HVF,1,8050,DVF,HVF,HAS,8051,8891,10039,8890,10038,31095
499,s_382,HVF,120088,132470,DVF,HVF,HAS,132471,133301,134029,133300,134028,153908
500,s_387,HVF,437556,447417,DVF,HVF,HPE,447418,448246,449017,448245,449016,464622
501,s_390,HVF,633627,645873,DVF,HVF,HAS,645874,646714,647455,646713,647454,656529
