file,EPI,Start,Stop,epi1,epi2,epi3,start1,start2,start3,stop1,stop2,stop3
S_1,HVF,11189,19352,DVF,HVF,HAS,19353,20193,21273,20192,21272,22846
S_1,HVF,87942,98341,DVF,HVF,HAS,98342,99183,99798,99182,99797,110361
S_1,HVF,216520,224252,DVF,HVF,HAS,224253,225093,225846,225092,225845,233027
S_1,HVF,311663,324771,DVF,HVF,HAS,324772,325613,326261,325612,326260,336096
a_2,HVF,81103,88484,DVF,HVF,HPE,88485,89326,89910,89325,89909,93133
a_2,HVT,251508,255818,DVT,HVT,HAS,255819,256661,258640,256660,258639,259809
a_2,HVF,422639,428891,DVF,HVF,HPE,428892,429736,430615,429735,430614,433345
a_2,HVF,534002,538568,DVF,HVF,HPE,538569,539411,539951,539410,539950,555393
a_2,HVF,1148380,1190708,DVF,HVF,HAS,1190709,1191551,1191957,1191550,1191956,1195000
a_3,HPR,149890,152824,DPR,HPR,hpr,152825,153666,825410,153665,825409,937500
a_4,HPE,1038467,1055295,DPE,HPE,DPE,1055296,1056119,1061680,1056118,1061679,1062518
a_4,HPE,1056119,1061679,DPE,HPE,DPE,1061680,1062519,1068196,1062518,1068195,1069018
a_4,HPE,1062519,1068195,DPE,HPE,CPE,1068196,1069019,1071072,1069018,1071071,1089476
a_5,HPE,319117,328524,DPE,HPE,DPE,328525,329369,338972,329368,338971,339813
a_5,HPE,329369,338971,DPE,HPE,DPE,338972,339814,344000,339813,343999,344818
a_5,HPE,339814,343999,DPE,HPE,CPE,344000,344819,347079,344818,347078,409605
a_5,HPR,410735,417456,DPR,HPR,DPR,417457,418279,421001,418278,421000,421823
a_5,HPR,418279,421000,DPR,HPR,CPR,421001,421824,543284,421823,543283,544678
a_5,HPE,546268,551925,DPE,HPE,DPE,551926,552769,558668,552768,558667,559508
a_5,HPE,552769,558667,DPE,HPE,HPR,558668,559509,561994,559508,561993,567052
a_5,HPR,688096,723888,DPR,HPR,HPE,723889,724709,727431,724708,727430,730970
a_5,HPE,727431,730970,DPE,HPE,DPE,730971,731794,737589,731793,737588,738428
a_5,HPE,731794,737588,DPE,HPE,CPE,737589,738429,742876,738428,742875,790881
a_5,HPE,880361,895496,DPE,HPE,HAS,895497,896319,904053,896318,904052,906357
a_5,HAS,904053,906357,DAS,HAS,CAS,906358,907199,914136,907198,914135,919594
a_6,HVF,94696,102390,DVF,HVF,HAS,102391,103235,103657,103234,103656,107475
a_7,HVT,530617,541522,DVT,HVT,HPE,541523,542346,542660,542345,542659,543327
a_7,HVT,543328,549584,DVT,HVT,HPE,549585,550426,550545,550425,550544,551651
a_8,HVF,36087,78049,DVF,HVF,DVF,78050,78892,84193,78891,84192,85031
a_8,HVF,78892,84192,DVF,HVF,HPE,84193,85032,86602,85031,86601,100873
a_8,HVF,444788,467946,DVF,HVF,HPE,467947,468787,469242,468786,469241,471507
a_8,HVF,525511,532947,DVF,HVF,HPE,532948,533772,534072,533771,534071,548187
a_8,HVT,652482,666146,DVT,HVT,HPR,666147,666987,667024,666986,667023,840000
a_9,HVF,657333,665078,DVF,HVF,HAS,665079,665903,670991,665902,670990,672481
a_9,HAS,670991,672481,DAS,HAS,CAS,672482,673323,677263,673322,677262,745511
a_10,HVF,235347,247097,DVF,HVF,HAS,247098,247920,248473,247919,248472,251201
a_10,HVF,343097,349169,DVF,HVF,HAS,349170,350010,350581,350009,350580,355438
a_10,HVF,446035,453004,DVF,HVF,DVF,453005,453845,456192,453844,456191,457014
a_10,HVF,453845,456191,DVF,HVF,DVF,456192,457015,476722,457014,476721,477564
a_10,HVF,457015,476721,DVF,HVF,CVF,476722,477565,478030,477564,478029,478914
a_10,HVF,478915,483087,DVF,HVF,HPE,483088,483910,484303,483909,484302,503734
a_10,HVF,503735,510814,DVF,HVF,HPE,510815,511660,511757,511659,511756,517689
a_11,HVF,111332,123981,DVF,HVF,HAS,123982,124822,125572,124821,125571,126899
a_11,HAS,125572,126899,DAS,HAS,HVF,126900,127742,128356,127741,128355,132447
a_11,HVF,128356,132447,DVF,HVF,HAS,132448,133292,133928,133291,133927,146359
a_11,HVF,256353,262944,DVF,HVF,HAS,262945,263787,264393,263786,264392,265275
a_11,HVF,265276,268576,DVF,HVF,HAS,268577,269397,269616,269396,269615,270173
a_11,HVF,270174,275233,DVF,HVF,CVF,275234,276057,278204,276056,278203,311939
a_11,HVF,311940,319841,DVF,HVF,DVF,319842,320682,324975,320681,324974,325816
a_11,HVF,320682,324974,DVF,HVF,HPE,324975,325817,326347,325816,326346,334758
a_11,HVF,381757,382631,DVF,HVF,HPE,382632,383472,383887,383471,383886,406717
a_11,HVF,433758,439519,DVF,HVF,DVF,439520,440362,454440,440361,454439,455281
a_11,HVF,440362,454439,DVF,HVF,CVF,454440,455282,462448,455281,462447,490098
a_11,HVF,490099,500520,DVF,HVF,DVF,500521,501362,509887,501361,509886,510731
a_11,HVF,501362,509886,DVF,HVF,DVF,509887,510732,518420,510731,518419,519261
a_11,HVF,510732,518419,DVF,HVF,CVF,518420,519262,521557,519261,521556,551432
a_11,HVF,551433,562736,DVF,HVF,HPE,562737,563577,564255,563576,564254,565987
a_11,HVF,565988,568427,DVF,HVF,DVF,568428,569252,574902,569251,574901,575741
a_11,HVF,569252,574901,DVF,HVF,CVF,574902,575742,576852,575741,576851,607824
a_11,HVF,607825,616094,DVF,HVF,DVF,616095,616937,621827,616936,621826,622666
a_11,HVF,616937,621826,DVF,HVF,DVF,621827,622667,634568,622666,634567,635411
a_11,HVF,622667,634567,DVF,HVF,CVF,634568,635412,638522,635411,638521,666370
a_11,HVF,666371,679004,DVF,HVF,DVF,679005,679847,683603,679846,683602,684441
a_11,HVF,679847,683602,DVF,HVF,DVF,683603,684442,688436,684441,688435,689276
a_11,HVF,684442,688435,DVF,HVF,CVF,688436,689277,692641,689276,692640,696506
a_11,HVF,696507,731257,DVF,HVF,HPE,731258,732097,732799,732096,732798,739384
a_11,HVF,774250,784126,DVF,HVF,HPE,784127,784967,785538,784966,785537,790088
a_11,HVF,838272,847086,DVF,HVF,HPE,847087,847912,848675,847911,848674,869441
a_11,HVF,912346,917025,DVF,HVF,HPE,917026,917847,918462,917846,918461,929778
a_11,HVF,1131966,1138676,DVF,HVF,HAS,1138677,1139517,1139929,1139516,1139928,1241460
a_12,HVF,100974,105229,DVF,HVF,HPE,105230,106070,109244,106069,109243,129354
a_12,HVF,263998,268461,DVF,HVF,HPE,268462,269305,269773,269304,269772,273774
a_12,HVF,332116,336161,DVF,HVF,DVF,336162,336985,340375,336984,340374,341214
a_12,HVF,336985,340374,DVF,HVF,HPE,340375,341215,341533,341214,341532,344022
a_12,HVF,344023,346402,DVF,HVF,HPE,346403,347245,347577,347244,347576,358352
a_12,HVF,382693,385610,DVF,HVF,DVF,385611,386455,389234,386454,389233,390054
a_12,HVF,386455,389233,DVF,HVF,HPE,389234,390055,390328,390054,390327,391534
a_12,HVF,460698,465431,DVF,HVF,DVF,465432,466275,469335,466274,469334,470174
a_12,HVF,466275,469334,DVF,HVF,HAS,469335,470175,470404,470174,470403,475423
a_12,HVF,567327,573278,DVF,HVF,HAS,573279,574120,574459,574119,574458,575070
a_12,HVF,575071,576896,DVF,HVF,DVF,576897,577740,580665,577739,580664,581484
a_12,HVF,577740,580664,DVF,HVF,CVF,580665,581485,581678,581484,581677,581729
a_12,HVF,680321,687973,DVF,HVF,DVF,687974,688815,691812,688814,691811,692634
a_12,HVF,688815,691811,DVF,HVF,HAS,691812,692635,692805,692634,692804,694039
a_12,HVF,694040,698414,DVF,HVF,HAS,698415,699255,699485,699254,699484,700209
a_12,HVF,732759,739361,DVF,HVF,HAS,739362,740205,740435,740204,740434,743868
a_12,HVF,743869,749073,DVF,HVF,DVF,749074,749915,753777,749914,753776,754619
a_12,HVF,749915,753776,DVF,HVF,HAS,753777,754620,754862,754619,754861,759062
a_12,HVF,824447,830608,DVF,HVF,HPE,830609,831430,832522,831429,832521,856299
a_12,HVF,948596,954347,DVF,HVF,DVF,954348,955190,957876,955189,957875,958719
a_12,HVF,955190,957875,DVF,HVF,HPE,957876,958720,959064,958719,959063,965308
a_12,HVF,1059122,1063739,DVF,HVF,DVF,1063740,1064580,1066873,1064579,1066872,1067714
a_12,HVF,1064580,1066872,DVF,HVF,HAS,1066873,1067715,1067949,1067714,1067948,1089349
a_12,HVF,1089350,1139221,DVF,HVF,HAS,1139222,1140065,1140252,1140064,1140251,1335274
a_13,HVF,72699,82351,DVF,HVF,HAS,82352,83192,83746,83191,83745,91465
a_13,HVF,424750,434351,DVF,HVF,HPE,434352,435172,435510,435171,435509,443249
a_13,HVF,530353,538660,DVF,HVF,HPE,538661,539482,539764,539481,539763,542641
a_14,HVF,96115,102480,DVF,HVF,HAS,102481,103320,103786,103319,103785,106831
a_14,HVT,200887,208259,DVT,HVT,HAS,208260,209100,209421,209099,209420,212152
a_14,HVT,311458,317872,DVT,HVT,HAS,317873,318715,318904,318714,318903,322335
a_14,HVF,413046,417688,DVF,HVF,DVF,417689,418530,424087,418529,424086,424929
a_14,HVF,418530,424086,DVF,HVF,DVF,424087,424930,430845,424929,430844,431684
a_14,HVF,424930,430844,DVF,HVF,HAS,430845,431685,431794,431684,431793,433168
a_14,HPE,530863,538018,DPE,HPE,DPE,538019,538860,543532,538859,543531,544374
a_14,HPE,538860,543531,DPE,HPE,DPE,543532,544375,554673,544374,554672,555514
a_14,HPE,544375,554672,DPE,HPE,HVF,554673,555515,557924,555514,557923,560555
a_14,HPE,652680,659302,DPE,HPE,DPE,659303,660145,665006,660144,665005,665844
a_14,HPE,660145,665005,DPE,HPE,HVF,665006,665845,670270,665844,670269,673302
a_14,HVF,670270,673302,DVF,HVF,CVF,673303,674145,677921,674144,677920,773490
a_14,HPE,773677,785404,DPE,HPE,DPE,785405,786245,791428,786244,791427,792269
a_14,HPE,786245,791427,DPE,HPE,DPE,791428,792270,799720,792269,799719,800559
a_14,HPE,792270,799719,DPE,HPE,CPE,799720,800560,809661,800559,809660,848698
a_15,HPE,537639,580234,DPE,HPE,DPE,580235,581059,612121,581058,612120,612963
a_15,HPE,581059,612120,DPE,HPE,CPE,612121,612964,718520,612963,718519,718621
a_16,HVF,424256,431834,DVF,HVF,DVF,431835,432659,437070,432658,437069,437908
a_16,HVF,432659,437069,DVF,HVF,DVF,437070,437909,442393,437908,442392,443233
a_16,HVF,437909,442392,DVF,HVF,CVF,442393,443234,447550,443233,447549,535713
a_16,HVF,535714,543872,DVF,HVF,DVF,543873,544714,555065,544713,555064,555903
a_16,HVF,544714,555064,DVF,HVF,DVF,555065,555904,563851,555903,563850,564693
a_16,HVF,555904,563850,DVF,HVF,CVF,563851,564694,574454,564693,574453,668062
a_16,HVF,668063,676768,DVF,HVF,DVF,676769,677609,683420,677608,683419,684243
a_16,HVF,677609,683419,DVF,HVF,DVF,683420,684244,690749,684243,690748,691588
a_16,HVF,684244,690748,DVF,HVF,CVF,690749,691589,695774,691588,695773,795673
a_16,HVF,795674,802114,DVF,HVF,DVF,802115,802939,807175,802938,807174,808013
a_16,HVF,802939,807174,DVF,HVF,DVF,807175,808014,812998,808013,812997,813838
a_17,HVF,103144,109499,DVF,HVF,HAS,109500,110322,111582,110321,111581,115081
a_17,HPE,395397,440451,DPE,HPE,CPE,440452,441292,452542,441291,452541,527114
a_17,HVT,527138,535448,DVT,HVT,DVT,535449,536292,541162,536291,541161,542001
a_17,HVT,536292,541161,DVT,HVT,DVT,541162,542002,545189,542001,545188,546011
a_17,HVT,542002,545188,DVT,HVT,CVT,545189,546012,554164,546011,554163,644164
a_17,HPE,644196,650949,DPE,HPE,DPE,650950,651792,655333,651791,655332,656171
a_17,HPE,651792,655332,DPE,HPE,HVT,655333,656172,656430,656171,656429,656975
a_17,HVT,658253,659415,DVT,HVT,CVT,659416,660257,663174,660256,663173,756420
a_17,HPE,756493,763160,DPE,HPE,HVT,763161,764002,764399,764001,764398,773455
a_17,HVT,764399,773455,DVT,HVT,HPE,773456,774277,774486,774276,774485,777940
a_17,HPE,774486,777940,DPE,HPE,CPE,777941,778782,789590,778781,789589,879643
a_17,HAS,1123745,1131059,DAS,HAS,CAS,1131060,1131902,1144115,1131901,1144114,1244250
a_17,HPE,1244282,1250860,DPE,HPE,DPE,1250861,1251702,1256148,1251701,1256147,1256991
a_17,HPE,1251702,1256147,DPE,HPE,DPE,1256148,1256992,1261082,1256991,1261081,1261921
a_17,HPE,1256992,1261081,DPE,HPE,CPE,1261082,1261922,1269305,1261921,1269304,1326621
a_18,HVF,96160,100481,DVF,HVF,HPE,100482,101325,101877,101324,101876,110448
a_18,HVF,296658,301042,DVF,HVF,HPE,301043,301885,302634,301884,302633,318369
a_18,HVF,407424,411164,DVF,HVF,HPE,411165,412005,412720,412004,412719,414515
a_18,HVT,514892,524260,DVT,HVT,HPE,524261,525085,525956,525084,525955,562756
a_19,HVF,68981,78405,DVF,HVF,HPE,78406,79249,79661,79248,79660,88191
a_19,HVF,122119,139834,DVF,HVF,HPE,139835,140679,141088,140678,141087,143749
a_19,HVF,230189,234670,DVF,HVF,HPE,234671,235494,236060,235493,236059,239917
a_20,HVF,118588,126025,DVF,HVF,HAS,126026,126866,127217,126865,127216,131327
a_20,HVF,220718,226145,DVF,HVF,HPE,226146,226986,227516,226985,227515,234813
a_20,HVF,325921,334723,DVF,HVF,HAS,334724,335566,336016,335565,336015,337737
a_20,HVF,440844,446078,DVF,HVF,HAS,446079,446921,447155,446920,447154,449125
a_20,HVF,539165,542424,DVF,HVF,HPR,542425,543266,544875,543265,544874,572502
a_20,HVF,665349,670616,DVF,HVF,HPE,670617,671461,671961,671460,671960,679848
a_21,HVF,95115,100201,DVF,HVF,HAS,100202,101045,101256,101044,101255,105489
a_21,HAS,101256,105489,DAS,HAS,HPE,105490,106330,111251,106329,111250,112743
a_21,HVF,201974,206055,DVF,HVF,HAS,206056,206900,207433,206899,207432,210337
a_21,HAS,207433,210337,DAS,HAS,HPE,210338,211160,211377,211159,211376,226346
a_21,HVF,317815,321075,DVF,HVF,HPE,321076,321900,321930,321899,321929,324734
a_21,HVF,446173,449912,DVF,HVF,HAS,449913,450735,451115,450734,451114,456057
a_22,HVF,100355,118504,DVF,HVF,HAS,118505,119347,119891,119346,119890,142500
a_23,HVF,429016,436262,DVF,HVF,HAS,436263,437106,437592,437105,437591,440575
a_23,HVF,553162,558712,DVF,HVF,HPE,558713,559556,560204,559555,560203,563033
a_23,HVF,646473,651951,DVF,HVF,HAS,651952,652796,653461,652795,653460,654774
a_23,HVF,803303,818824,DVF,HVF,HAS,818825,819666,819964,819665,819963,824566
a_23,HVF,859696,874569,DVF,HVF,HAS,874570,875411,876001,875410,876000,882500
a_24,HVF,121734,122691,DVF,HVF,HAS,122692,123536,124509,123535,124508,135236
a_24,HVF,216210,221802,DVF,HVF,HAS,221803,222646,223346,222645,223345,224252
a_24,HVF,314239,320413,DVF,HVF,HAS,320414,321256,321889,321255,321888,323551
a_24,HVF,412928,418409,DVF,HVF,HAS,418410,419251,419864,419250,419863,424454
a_24,HVF,535347,542832,DVF,HVF,HAS,542833,543676,544052,543675,544051,547513
a_25,HVF,22563,25845,DVF,HVF,HPE,25846,26688,27557,26687,27556,34987
a_25,HVF,72841,77370,DVF,HVF,HAS,77371,78213,78774,78212,78773,81124
a_25,HVF,123612,133448,DVF,HVF,HAS,133449,134288,134830,134287,134829,135736
a_25,HVF,184135,190216,DVF,HVF,HAS,190217,191058,191590,191057,191589,192699
a_25,HVF,250717,255746,DVF,HVF,HAS,255747,256588,257540,256587,257539,263430
a_25,HVF,310911,317063,DVF,HVF,HAS,317064,317903,319239,317902,319238,322927
a_25,HVF,437040,443735,DVF,HVF,HAS,443736,444578,445099,444577,445098,447341
a_25,HVF,528981,533953,DVF,HVF,HPE,533954,534798,535665,534797,535664,540060
a_25,HVF,540061,544475,DVF,HVF,HPE,544476,545318,545721,545317,545720,559071
a_25,HVF,559072,567072,DVF,HVF,HAS,567073,567913,568452,567912,568451,574942
a_25,HVF,657503,662299,DVF,HVF,HAS,662300,663143,663922,663142,663921,668420
a_25,HVF,760915,767513,DVF,HVF,HPE,767514,768353,769004,768352,769003,775785
a_25,HPE,769004,775785,DPE,HPE,HAS,775786,776628,777229,776627,777228,779568
a_25,HVF,871332,877135,DVF,HVF,HPE,877136,877978,878431,877977,878430,883412
a_25,HPE,878431,883412,DPE,HPE,HAS,883413,884253,887762,884252,887761,891670
a_25,HVF,980701,988456,DVF,HVF,HPE,988457,989298,990292,989297,990291,1448053
a_26,HVF,160690,169935,DVF,HVF,HPE,169936,170760,171353,170759,171352,173805
a_26,HPE,171353,173805,DPE,HPE,DPE,173806,174645,177484,174644,177483,178324
a_26,HPE,174645,177483,DPE,HPE,HVF,177484,178325,179002,178324,179001,180422
a_27,HVF,142604,144196,DVF,HVF,HAS,144197,145019,145849,145018,145848,148393
a_27,HVF,243638,248367,DVF,HVF,DVF,248368,249209,253576,249208,253575,254418
a_27,HVF,249209,253575,DVF,HVF,HPE,253576,254419,254655,254418,254654,260410
a_27,HPR,260411,281685,DPR,HPR,HPE,281686,282509,283205,282508,283204,290845
a_27,HVF,387819,392955,DVF,HVF,HPE,392956,393799,393968,393798,393967,401966
a_27,HVF,402714,406404,DVF,HVF,DVF,406405,407229,411239,407228,411238,412078
a_27,HVF,407229,411238,DVF,HVF,CVF,411239,412079,415045,412078,415044,504195
a_27,HVF,509356,510375,DVF,HVF,DVF,510376,511219,522961,511218,522960,523803
a_27,HVF,511219,522960,DVF,HVF,CVF,522961,523804,527031,523803,527030,531148
a_27,HVF,620298,630229,DVF,HVF,CVF,630230,631069,633225,631068,633224,638495
a_27,HVF,638496,639276,DVF,HVF,CVF,639277,640119,644533,640118,644532,735933
a_27,HVF,741012,744845,DVF,HVF,CVF,744846,745689,748559,745688,748558,750591
a_27,HVF,750592,760070,DVF,HVF,HAS,760071,760914,761003,760913,761002,762543
a_27,HVF,883162,888433,DVF,HVF,HAS,888434,889274,889300,889273,889299,898741
a_27,HVF,910884,913090,DVF,HVF,HAS,913091,913934,914055,913933,914054,914677
a_27,HVF,916638,920508,DVF,HVF,HAS,920509,921349,921487,921348,921486,929425
a_28,HVF,90169,101462,DVF,HVF,DVF,101463,102307,107401,102306,107400,108241
a_28,HVF,102307,107400,DVF,HVF,HPE,107401,108242,108441,108241,108440,113853
a_28,HPE,108441,113853,DPE,HPE,CPE,113854,114697,124173,114696,124172,127282
a_28,HVF,237675,239097,DVF,HVF,CVF,239098,239937,241548,239936,241547,242471
a_28,HPE,243812,246777,DPE,HPE,CPE,246778,247602,247963,247601,247962,248841
a_28,HVF,403363,406356,DVF,HVF,HAS,406357,407182,407310,407181,407309,409440
a_28,HAS,407310,409440,DAS,HAS,CAS,409441,410262,422471,410261,422470,422707
a_29,HVF,27828,37761,DVF,HVF,HPE,37762,38602,39108,38601,39107,42369
a_29,HVF,48401,61798,DVF,HVF,HAS,61799,62622,62988,62621,62987,67388
a_29,HVF,360680,365981,DVF,HVF,DVF,365982,366822,369956,366821,369955,370796
a_29,HVF,366822,369955,DVF,HVF,DVF,369956,370797,374414,370796,374413,375256
a_29,HVF,370797,374413,DVF,HVF,CVF,374414,375257,377431,375256,377430,381245
a_29,HVF,493322,499033,DVF,HVF,DVF,499034,499877,503542,499876,503541,504381
a_29,HVF,499877,503541,DVF,HVF,DVF,503542,504382,507970,504381,507969,508811
a_29,HVF,504382,507969,DVF,HVF,CVF,507970,508812,513539,508811,513538,570040
a_29,HVF,577172,595234,DVF,HVF,DVF,595235,596077,602608,596076,602607,603446
a_29,HVF,596077,602607,DVF,HVF,DVF,602608,603447,608365,603446,608364,609186
a_29,HVF,603447,608364,DVF,HVF,CVF,608365,609187,611936,609186,611935,628549
a_29,HVF,681531,693100,DVF,HVF,DVF,693101,693942,697265,693941,697264,698106
a_29,HVF,693942,697264,DVF,HVF,DVF,697265,698107,702063,698106,702062,702901
a_29,HVF,698107,702062,DVF,HVF,CVF,702063,702902,711796,702901,711795,785467
a_29,HVF,785468,791796,DVF,HVF,DVF,791797,792637,794296,792636,794295,795136
a_29,HVF,792637,794295,DVF,HVF,DVF,794296,795137,797320,795136,797319,798161
a_29,HVF,795137,797319,DVF,HVF,CVF,797320,798162,804807,798161,804806,872933
a_29,HVF,872934,883879,DVF,HVF,DVF,883880,884702,887289,884701,887288,888131
a_29,HVF,884702,887288,DVF,HVF,DVF,887289,888132,891242,888131,891241,892081
a_29,HVF,888132,891241,DVF,HVF,CVF,891242,892082,900950,892081,900949,938885
a_30,HPE,152258,155388,DPE,HPE,DPE,155389,156233,159453,156232,159452,160292
a_30,HPE,156233,159452,DPE,HPE,DPE,159453,160293,162761,160292,162760,163602
a_30,HPE,160293,162760,DPE,HPE,CPE,162761,163603,168748,163602,168747,169735
a_30,HPE,259084,265011,DPE,HPE,DPE,265012,265853,276247,265852,276246,277087
a_30,HPE,265853,276246,DPE,HPE,CPE,276247,277088,287010,277087,287009,377062
a_30,HPE,377063,384886,DPE,HPE,DPE,384887,385728,389350,385727,389349,390192
a_30,HPE,385728,389349,DPE,HPE,DPE,389350,390193,396087,390192,396086,396927
a_30,HPE,390193,396086,DPE,HPE,CPE,396087,396928,419211,396927,419210,533147
a_30,HPE,533148,545229,DPE,HPE,DPE,545230,546073,549189,546072,549188,550027
a_30,HPE,546073,549188,DPE,HPE,DPE,549189,550028,553542,550027,553541,554382
a_30,HPE,550028,553541,DPE,HPE,CPE,553542,554383,557993,554382,557992,649226
a_30,HPE,795566,812749,DPE,HPE,DPE,812750,813593,816739,813592,816738,817577
a_30,HPE,813593,816738,DPE,HPE,DPE,816739,817578,820947,817577,820946,821787
a_30,HPE,817578,820946,DPE,HPE,CPE,820947,821788,825437,821787,825436,842918
a_31,HVT,89253,93862,DVT,HVT,HAS,93863,94705,95007,94704,95006,103754
a_31,HVF,235164,242154,DVF,HVF,CVF,242155,242995,245516,242994,245515,247297
a_31,HVF,315107,321035,DVF,HVF,DVF,321036,321855,327104,321854,327103,327924
a_31,HVF,321855,327103,DVF,HVF,DVF,327104,327925,331587,327924,331586,332409
a_32,HVF,113093,117162,DVF,HVF,HAS,117163,118005,118489,118004,118488,122219
a_33,HVF,157085,162429,DVF,HVF,HAS,162430,163271,164411,163270,164410,167617
a_33,HAS,164411,167617,DAS,HAS,DAS,167618,168461,173721,168460,173720,174560
a_33,HAS,168461,173720,DAS,HAS,HPE,173721,174561,176646,174560,176645,178841
a_34,HVF,8510,96968,DVF,HVF,HAS,96969,97792,99288,97791,99287,103510
a_34,HAS,99288,103510,DAS,HAS,DAS,103511,104337,110650,104336,110649,111491
a_34,HAS,104337,110649,DAS,HAS,CAS,110650,111492,114190,111491,114189,116063
a_34,HVF,420330,425812,DVF,HVF,HPR,425813,426637,427193,426636,427192,657634
a_34,HVF,677967,678282,DVF,HVF,HPR,678283,679122,680403,679121,680402,698269
a_34,HVF,735279,741778,DVF,HVF,HPE,741779,742622,742924,742621,742923,747478
a_34,HVT,947898,964794,DVT,HVT,HPR,964795,965637,966555,965636,966554,1837500
a_35,HVF,117601,122809,DVF,HVF,HAS,122810,123649,124101,123648,124100,126849
a_35,HVF,452702,458180,DVF,HVF,HAS,458181,459024,459477,459023,459476,459637
a_36,HVF,1,283,DVF,HVF,HAS,284,1124,1675,1123,1674,5526
a_36,HVF,39783,46410,DVF,HVF,HPR,46411,47254,47485,47253,47484,511507
a_37,HVF,109994,113892,DVF,HVF,HAS,113893,114717,115373,114716,115372,118958
a_38,HVF,429005,436762,DVF,HVF,HPR,436763,437584,438186,437583,438185,448921
a_38,HVF,448922,454807,DVF,HVF,HPR,454808,455649,456014,455648,456013,462131
a_38,HVF,462132,468007,DVF,HVF,HPR,468008,468849,469088,468848,469087,471806
a_38,HVF,471807,476289,DVF,HVF,HPR,476290,477134,477403,477133,477402,482546
a_38,HVF,482547,486941,DVF,HVF,HPR,486942,487784,488036,487783,488035,592383
a_38,HVF,592384,600572,DVF,HVF,HPR,600573,601414,601888,601413,601887,630402
a_38,HVF,630403,637371,DVF,HVF,HPE,637372,638214,638298,638213,638297,640132
a_38,HVF,640133,645678,DVF,HVF,HPR,645679,646499,646641,646498,646640,654094
a_38,HVF,654095,659878,DVF,HVF,HPR,659879,660719,661195,660718,661194,680134
a_38,HVF,680135,696202,DVF,HVF,HPR,696203,697044,697082,697043,697081,707911
a_38,HVF,707912,716820,DVF,HVF,DVF,716821,717644,724889,717643,724888,725728
a_38,HVF,717644,724888,DVF,HVF,DVF,724889,725729,734770,725728,734769,735613
a_38,HVF,725729,734769,DVF,HVF,CVF,734770,735614,744527,735613,744526,785787
a_38,HVF,837674,845367,DVF,HVF,HVT,845368,846209,847351,846208,847350,855573
a_38,HVT,847351,855573,DVT,HVT,HPE,855574,856414,857204,856413,857203,863593
a_38,HVF,863594,868604,DVF,HVF,HVT,868605,869444,869894,869443,869893,875717
a_38,HVF,972302,981471,DVF,HVF,DVF,981472,982314,995597,982313,995596,996438
a_38,HVF,982314,995596,DVF,HVF,HVT,995597,996439,996817,996438,996816,1001987
a_38,HVF,1026601,1033894,DVF,HVF,HPE,1033895,1034738,1034994,1034737,1034993,1045892
a_39,HVF,98145,103353,DVF,HVF,HPE,103354,104196,104797,104195,104796,109581
a_39,HPE,104797,109581,DPE,HPE,DPE,109582,110421,115510,110420,115509,116330
a_39,HPE,110421,115509,DPE,HPE,HVF,115510,116331,116749,116330,116748,120759
a_39,HVF,217192,224701,DVF,HVF,HAS,224702,225521,225934,225520,225933,228689
a_39,HAS,225934,228689,DAS,HAS,HPE,228690,229531,230115,229530,230114,236316
a_39,HVF,236317,240490,DVF,HVF,CVF,240491,241331,243812,241330,243811,256804
a_39,HVF,332925,340220,DVF,HVF,HAS,340221,341061,341297,341060,341296,345113
a_39,HAS,341297,345113,DAS,HAS,HVF,345114,345956,345987,345955,345986,348936
a_39,HVF,345987,348936,DVF,HVF,HAS,348937,349761,349917,349760,349916,352582
a_39,HVF,441253,448657,DVF,HVF,HAS,448658,449481,449588,449480,449587,451841
a_39,HVF,451842,454179,DVF,HVF,DVF,454180,455021,459078,455020,459077,459920
a_39,HVF,455021,459077,DVF,HVF,HAS,459078,459921,460296,459920,460295,461645
a_39,HVF,551205,558397,DVF,HVF,DVF,558398,559241,563531,559240,563530,564370
a_39,HVF,559241,563530,DVF,HVF,DVF,563531,564371,568684,564370,568683,569525
a_39,HVF,564371,568683,DVF,HVF,CVF,568684,569526,577701,569525,577700,643576
a_39,HVF,709725,718339,DVF,HVF,CVF,718340,719161,723032,719160,723031,723492
a_39,HVF,723493,724346,DVF,HVF,DVF,724347,725191,730090,725190,730089,730930
a_39,HVF,725191,730089,DVF,HVF,CVF,730090,730931,732293,730930,732292,782761
a_39,HVF,915199,918268,DVF,HVF,CVF,918269,919111,920112,919110,920111,925974
a_39,HVF,937873,938252,DVF,HVF,HPE,938253,939096,939483,939095,939482,940904
a_39,HVF,1087251,1088342,DVF,HVF,CVF,1088343,1089186,1090024,1089185,1090023,1093998
a_39,HVF,1093999,1101538,DVF,HVF,CVF,1101539,1102381,1107387,1102380,1107386,1127391
a_39,HVF,1127392,1131693,DVF,HVF,HPE,1131694,1132536,1132876,1132535,1132875,1134072
a_39,HVF,1193096,1197183,DVF,HVF,CVF,1197184,1198026,1199326,1198025,1199325,1207377
a_39,HVF,1207378,1211584,DVF,HVF,CVF,1211585,1212426,1213323,1212425,1213322,1218114
a_39,HVF,1218115,1222320,DVF,HVF,CVF,1222321,1223141,1223824,1223140,1223823,1355202
a_39,HVF,1355203,1356455,DVF,HVF,CVF,1356456,1357276,1357667,1357275,1357666,1358716
a_39,HVF,1368443,1369101,DVF,HVF,CVF,1369102,1369921,1370002,1369920,1370001,1386342
a_39,HVF,1386343,1387555,DVF,HVF,CVF,1387556,1388396,1388558,1388395,1388557,1459762
a_39,HVF,1497280,1499082,DVF,HVF,CVF,1499083,1499926,1502279,1499925,1502278,1504203
a_40,HVF,511138,523820,DVF,HVF,DVF,523821,524663,532332,524662,532331,533172
a_40,HVF,524663,532331,DVF,HVF,DVF,532332,533173,543599,533172,543598,544437
a_40,HVF,533173,543598,DVF,HVF,CVF,543599,544438,547086,544437,547085,627356
a_41,HVF,150309,157871,DVF,HVF,HAS,157872,158712,159549,158711,159548,161660
a_41,HVF,205897,211525,DVF,HVF,HPE,211526,212367,212715,212366,212714,220494
a_41,HVF,312273,317398,DVF,HVF,HPR,317399,318242,318998,318241,318997,337867
a_41,HVF,337868,343990,DVF,HVF,CVF,343991,344832,346521,344831,346520,349387
a_41,HVF,349388,350127,DVF,HVF,CVF,350128,350952,352747,350951,352746,444323
a_41,HVF,448781,449463,DVF,HVF,HPR,449464,450307,450911,450306,450910,517821
a_41,HVF,524517,525105,DVF,HVF,CVF,525106,525927,528388,525926,528387,532008
a_41,HVF,532009,532538,DVF,HVF,HPR,532539,533382,534114,533381,534113,800000
a_42,HVF,358181,365529,DVF,HVF,DVF,365530,366371,371213,366370,371212,372055
a_42,HVF,366371,371212,DVF,HVF,HAS,371213,372056,372671,372055,372670,377590
a_42,HAS,468026,473257,DAS,HAS,HPE,473258,474101,474612,474100,474611,476935
a_42,HPE,474612,476935,DPE,HPE,HAS,476936,477776,478033,477775,478032,479981
a_42,HVF,479982,486792,DVF,HVF,CVF,486793,487636,495642,487635,495641,523828
a_42,HVF,591780,608361,DVF,HVF,HAS,608362,609201,609789,609200,609788,618815
a_42,HVF,618816,633798,DVF,HVF,HPE,633799,634641,635529,634640,635528,701011
a_43,HVF,70812,94799,DVF,HVF,HPE,94800,95643,96641,95642,96640,111850
l_44,HVF,457087,469834,DVF,HVF,HAS,469835,470677,472236,470676,472235,472706
l_44,HPE,578772,589085,DPE,HPE,HVF,589086,589927,595840,589926,595839,695310
l_45,HVF,44,4235,DVF,HVF,HPE,4236,5077,5136,5076,5135,15398
l_45,HVF,76729,96188,DVF,HVF,CVF,96189,97012,98964,97011,98963,100460
l_45,HVF,100461,107034,DVF,HVF,HPE,107035,107857,108427,107856,108426,111802
l_45,HVF,111803,118070,DVF,HVF,HPE,118071,118912,121110,118911,121109,135645
l_45,HVF,138300,148206,DVF,HVF,DVF,148207,149047,159928,149046,159927,160771
l_45,HVF,149047,159927,DVF,HVF,DVF,159928,160772,172159,160771,172158,173001
l_45,HVF,160772,172158,DVF,HVF,HPE,172159,173002,180273,173001,180272,181143
l_45,HVT,192986,201229,DVT,HVT,HVF,201230,202072,202911,202071,202910,215030
l_45,HVF,202911,215030,DVF,HVF,DVF,215031,215872,228856,215871,228855,229676
l_45,HVF,215872,228855,DVF,HVF,CVF,228856,229677,242991,229676,242990,245932
l_45,HVF,263470,264000,DVF,HVF,CVF,264001,264822,265839,264821,265838,269167
l_45,HVF,269168,275091,DVF,HVF,CVF,275092,275912,321343,275911,321342,323440
l_45,HVF,323441,332552,DVF,HVF,DVF,332553,333392,344439,333391,344438,345281
l_45,HVF,333392,344438,DVF,HVF,CVF,344439,345282,348715,345281,348714,349113
l_45,HVF,349114,356176,DVF,HVF,CVF,356177,357017,376870,357016,376869,382922
l_45,HVF,420764,428855,DVF,HVF,CVF,428856,429697,430419,429696,430418,436212
l_45,HVF,436213,440157,DVF,HVF,CVF,440158,440977,441159,440976,441158,444462
l_45,HVF,444463,452748,DVF,HVF,CVF,452749,453592,458061,453591,458060,508555
l_45,HVF,508556,517989,DVF,HVF,CVF,517990,518812,520269,518811,520268,526548
l_45,HVF,526549,528791,DVF,HVF,CVF,528792,529612,531006,529611,531005,534423
l_45,HVF,741711,750028,DVF,HVF,HPE,750029,750872,751346,750871,751345,760050
l_46,HVF,27578,33973,DVF,HVF,HAS,33974,34794,39954,34793,39953,42259
l_46,HVF,169853,179442,DVF,HVF,HAS,179443,180284,180945,180283,180944,187945
l_46,HVF,223345,236396,DVF,HVF,HAS,236397,237219,237887,237218,237886,246234
l_46,HVF,308487,312794,DVF,HVF,HPE,312795,313619,314008,313618,314007,316379
l_46,HVF,351610,361530,DVF,HVF,HAS,361531,362354,362795,362353,362794,371393
l_46,HVF,437792,451645,DVF,HVF,HPR,451646,452469,452527,452468,452526,474985
l_46,HVF,545374,556546,DVF,HVF,DVF,556547,557389,567768,557388,567767,568588
l_46,HVF,557389,567767,DVF,HVF,DVF,567768,568589,579119,568588,579118,579938
l_46,HVF,568589,579118,DVF,HVF,HPR,579119,579939,580005,579938,580004,582503
l_47,HVF,4761,13451,DVF,HVF,HAS,13452,14275,14774,14274,14773,21282
l_47,HVF,28078,39643,DVF,HVF,HAS,39644,40485,41227,40484,41226,48980
l_47,HVF,63932,71158,DVF,HVF,HAS,71159,72000,72664,71999,72663,79679
l_49,HVF,34,6829,DVF,HVF,HAS,6830,7652,8485,7651,8484,14104
l_49,HVF,41198,110689,DVF,HVF,HAS,110690,111512,112280,111511,112279,118324
l_49,HVF,132920,142679,DVF,HVF,HAS,142680,143502,144097,143501,144096,146547
l_50,HVF,224617,246276,DVF,HVF,HAS,246277,247117,247659,247116,247658,263996
l_50,HVF,273594,287039,DVF,HVF,DVF,287040,287882,297771,287881,297770,298591
l_50,HVF,287882,297770,DVF,HVF,HAS,297771,298592,298990,298591,298989,311951
l_50,HVF,383860,385245,DVF,HVF,HPE,385246,386067,386325,386066,386324,391434
l_50,HVF,391435,396696,DVF,HVF,DVF,396697,397517,407753,397516,407752,408571
l_50,HVF,397517,407752,DVF,HVF,HPE,407753,408572,408838,408571,408837,411794
l_51,HVF,827027,840009,DVF,HVF,CVF,840010,840829,845073,840828,845072,849550
l_52,HVF,1,473,DVF,HVF,HAS,474,1294,2571,1293,2570,6721
l_53,HVF,17238,24639,DVF,HVF,HAS,24640,25481,26142,25480,26141,27886
l_53,HVF,27887,36290,DVF,HVF,HAS,36291,37131,37677,37130,37676,45142
l_54,HVF,46,6621,DVF,HVF,HAS,6622,7463,7760,7462,7759,13243
l_54,HVF,149157,176027,DVF,HVF,HPE,176028,176869,177354,176868,177353,180272
l_54,HPE,182846,188398,DPE,HPE,CPE,188399,189239,202419,189238,202418,202920
l_54,HVF,265946,274863,DVF,HVF,HPE,274864,275704,275883,275703,275882,283139
l_54,HVF,324951,334856,DVF,HVF,DVF,334857,335679,348152,335678,348151,348993
l_54,HVF,335679,348151,DVF,HVF,CVF,348152,348994,358543,348993,358542,375235
l_55,HVF,42541,52561,DVF,HVF,HAS,52562,53402,54167,53401,54166,62256
l_56,HVF,1,211,DVF,HVF,HAS,212,1053,1777,1052,1776,22141
l_56,HVF,100686,110534,DVF,HVF,DVF,110535,111358,122631,111357,122630,123472
l_56,HVF,111358,122630,DVF,HVF,HAS,122631,123473,124017,123472,124016,126229
l_56,HVF,318085,329756,DVF,HVF,HAS,329757,330598,331162,330597,331161,345130
l_56,HVF,530048,540125,DVF,HVF,HAS,540126,540948,541616,540947,541615,588514
l_57,hun,1,9920,Dun,hun,HAS,9921,10764,14055,10763,14054,39742
l_58,HVF,7662,13932,DVF,HVF,HPE,13933,14776,15407,14775,15406,348490
l_59,HPE,529486,538791,DPE,HPE,DPE,538792,539633,551872,539632,551871,552692
l_59,HPE,539633,551871,DPE,HPE,CPE,551872,552693,569085,552692,569084,579355
l_60,HVF,1,641,DVF,HVF,HAS,642,1482,2145,1481,2144,21840
l_60,HVF,82384,90776,DVF,HVF,HAS,90777,91617,92181,91616,92180,101230
l_60,HVF,132313,142117,DVF,HVF,HAS,142118,142962,143418,142961,143417,162484
l_60,HVF,166602,177707,DVF,HVF,HAS,177708,178547,178874,178546,178873,195422
l_60,HVF,271103,279599,DVF,HVF,HAS,279600,280442,280738,280441,280737,289176
l_60,HVF,348929,358077,DVF,HVF,HPE,358078,358902,359060,358901,359059,360373
l_60,HVF,360374,369174,DVF,HVF,HPE,369175,369997,370101,369996,370100,372384
l_60,HVF,375070,380615,DVF,HVF,CVF,380616,381457,390551,381456,390550,394135
l_60,HVF,422958,439951,DVF,HVF,HPE,439952,440772,440945,440771,440944,496132
l_61,HVF,1,907,DVF,HVF,CVF,908,1750,2022,1749,2021,2227
l_61,HVT,613205,622101,DVT,HVT,HAS,622102,622925,623245,622924,623244,626083
l_61,HPE,761964,763962,DPE,HPE,HAS,763963,764805,772281,764804,772280,782100
l_62,HVF,1,3501,DVF,HVF,DVF,3502,4345,14443,4344,14442,15284
l_62,HVF,4345,14442,DVF,HVF,DVF,14443,15285,25970,15284,25969,26809
l_62,HVF,15285,25969,DVF,HVF,CVF,25970,26810,52882,26809,52881,55678
l_62,HVF,69738,79014,DVF,HVF,DVF,79015,79835,90236,79834,90235,91079
l_62,HVF,79835,90235,DVF,HVF,DVF,90236,91080,101493,91079,101492,102334
l_62,HVF,91080,101492,DVF,HVF,CVF,101493,102335,105374,102334,105373,108856
l_62,HVF,203151,212846,DVF,HVF,DVF,212847,213690,225264,213689,225263,226084
l_62,HVF,213690,225263,DVF,HVF,HAS,225264,226085,226504,226084,226503,237425
l_62,HVF,259894,317068,DVF,HVF,HAS,317069,317910,318417,317909,318416,360000
l_63,HVF,324954,338257,DVF,HVF,HAS,338258,339099,340037,339098,340036,359464
l_63,HVF,434156,441332,DVF,HVF,HAS,441333,442174,443264,442173,443263,446008
l_63,HVF,558062,565032,DVF,HVF,HAS,565033,565874,566723,565873,566722,569201
l_63,HVF,704680,711356,DVF,HVF,HAS,711357,712199,712871,712198,712870,713561
l_63,HVF,788074,797761,DVF,HVF,HAS,797762,798604,804318,798603,804317,807475
l_63,HVF,835744,844023,DVF,HVF,HPE,844024,844844,845335,844843,845334,856379
l_63,HVF,870568,888700,DVF,HVF,DVF,888701,889544,902502,889543,902501,903343
l_63,HVF,889544,902501,DVF,HVF,CVF,902502,903344,904160,903343,904159,907906
l_64,HPE,578464,584060,DPE,HPE,CPE,584061,584900,594208,584899,594207,666717
l_65,HVF,1,6259,DVF,HVF,HPE,6260,7101,7908,7100,7907,24213
l_65,HVF,605529,622954,DVF,HVF,HPE,622955,623776,624335,623775,624334,627303
l_65,HVF,627304,636095,DVF,HVF,HPR,636096,636936,636986,636935,636985,664561
l_66,HVF,1,2618,DVF,HVF,HAS,2619,3443,4400,3442,4399,21518
l_66,HVF,37912,46286,DVF,HVF,HPE,46287,47128,48126,47127,48125,53301
l_66,HVF,113756,127320,DVF,HVF,HPE,127321,128143,128931,128142,128930,145652
l_66,HVF,202644,215107,DVF,HVF,HPE,215108,215948,216465,215947,216464,219636
l_66,HPE,222129,226894,DPE,HPE,HAS,226895,227718,238943,227717,238942,251591
l_66,HAS,238943,251591,DAS,HAS,HPE,251592,252432,263750,252431,263749,276056
l_66,HVF,384539,399219,DVF,HVF,HPE,399220,400063,400563,400062,400562,414505
l_66,HVF,432286,448641,DVF,HVF,HPE,448642,449483,449780,449482,449779,466063
l_66,HVF,583413,615788,DVF,HVF,DVF,615789,616633,628325,616632,628324,629167
l_66,HVF,616633,628324,DVF,HVF,HPR,628325,629168,630017,629167,630016,670349
l_66,HVF,713812,729293,DVF,HVF,DVF,729294,730138,743435,730137,743434,744277
l_66,HVF,730138,743434,DVF,HVF,HPR,743435,744278,744602,744277,744601,758306
l_66,HVF,813211,864443,DVF,HVF,HPR,864444,865288,865841,865287,865840,866238
l_67,HVF,42861,50943,DVF,HVF,DVF,50944,51768,62436,51767,62435,63277
l_67,HVF,51768,62435,DVF,HVF,HAS,62436,63278,64119,63277,64118,66316
l_67,HVF,66317,74271,DVF,HVF,HPE,74272,75093,75724,75092,75723,98460
l_67,HVF,159324,196667,DVF,HVF,HAS,196668,197508,198240,197507,198239,226730
l_67,HVF,411003,426125,DVF,HVF,DVF,426126,426968,437147,426967,437146,437967
l_67,HVF,426968,437146,DVF,HVF,DVF,437147,437968,449459,437967,449458,450297
l_67,HVF,437968,449458,DVF,HVF,CVF,449459,450298,461495,450297,461494,463339
l_67,HVF,469069,476774,DVF,HVF,DVF,476775,477598,488357,477597,488356,489197
l_67,HVF,477598,488356,DVF,HVF,DVF,488357,489198,499688,489197,499687,500507
l_67,HVF,489198,499687,DVF,HVF,CVF,499688,500508,519626,500507,519625,521947
l_67,HVF,540237,563290,DVF,HVF,DVF,563291,564133,574532,564132,574531,575372
l_67,HVF,564133,574531,DVF,HVF,DVF,574532,575373,587703,575372,587702,588542
l_67,HVF,575373,587702,DVF,HVF,hvf,587703,588543,594527,588542,594526,631643
l_67,HVF,699798,736521,DVF,HVF,CVF,736522,737343,751410,737342,751409,780248
l_67,HVF,842562,852790,DVF,HVF,DVF,852791,853613,863992,853612,863991,864832
l_67,HVF,853613,863991,DVF,HVF,CVF,863992,864833,876852,864832,876851,881680
l_67,HVF,912564,923039,DVF,HVF,DVF,923040,923883,934891,923882,934890,935732
l_67,HVF,923883,934890,DVF,HVF,CVF,934891,935733,949145,935732,949144,971297
l_67,HVF,971298,985496,DVF,HVF,CVF,985497,986338,995218,986337,995217,996116
l_67,HVF,1068776,1082195,DVF,HVF,CVF,1082196,1083038,1095951,1083037,1095950,1102336
l_71,HPE,243807,248828,DPE,HPE,CPE,248829,249671,273992,249670,273991,297879
l_71,HPE,497503,508257,DPE,HPE,CPE,508258,509101,520135,509100,520134,525655
s_72,HVF,114,6907,DVF,HVF,HAS,6908,7748,8180,7747,8179,16545
s_73,HVF,18991,27541,DVF,HVF,HAS,27542,28384,28930,28383,28929,49493
s_73,HVF,266338,278381,DVF,HVF,HPR,278382,279224,279627,279223,279626,545737
s_74,HVF,653,1512,DVF,HVF,HPE,1513,2354,3941,2353,3940,12525
s_75,HVF,517756,526966,DVF,HVF,HPE,526967,527807,528574,527806,528573,537515
s_75,HVF,537516,550134,DVF,HVF,DVF,550135,550977,562126,550976,562125,562966
s_75,HVF,550977,562125,DVF,HVF,DVF,562126,562967,578921,562966,578920,579761
s_75,HVF,562967,578920,DVF,HVF,DVF,578921,579762,590872,579761,590871,591711
s_75,HVF,579762,590871,DVF,HVF,DVF,590872,591712,602778,591711,602777,603616
s_75,HVF,591712,602777,DVF,HVF,HPE,602778,603617,604782,603616,604781,611457
s_75,HVF,641279,649868,DVF,HVF,DVF,649869,650712,660776,650711,660775,661616
s_75,HVF,650712,660775,DVF,HVF,DVF,660776,661617,672157,661616,672156,672996
s_75,HVF,661617,672156,DVF,HVF,CVF,672157,672997,680685,672996,680684,709993
s_75,HVF,709994,721286,DVF,HVF,DVF,721287,722127,733063,722126,733062,733906
s_75,HVF,722127,733062,DVF,HVF,HPE,733063,733907,735538,733906,735537,750144
s_75,HVF,758185,765792,DVF,HVF,DVF,765793,766637,777300,766636,777299,778141
s_75,HVF,766637,777299,DVF,HVF,DVF,777300,778142,789346,778141,789345,790186
s_75,HVF,778142,789345,DVF,HVF,HPE,789346,790187,800398,790186,800397,805139
s_76,HVF,242,888,DVF,HVF,HPE,889,1729,3392,1728,3391,10347
s_76,HVF,47419,54853,DVF,HVF,DVF,54854,55694,65616,55693,65615,66458
s_76,HVF,55694,65615,DVF,HVF,DVF,65616,66459,76257,66458,76256,77098
s_76,HVF,66459,76256,DVF,HVF,CVF,76257,77099,80270,77098,80269,83195
s_76,HVF,112444,122677,DVF,HVF,HAS,122678,123499,125250,123498,125249,134427
s_76,HVF,166855,177189,DVF,HVF,HAS,177190,178034,178547,178033,178546,193268
s_76,HVF,315158,323096,DVF,HVF,DVF,323097,323939,333799,323938,333798,334638
s_76,HVF,323939,333798,DVF,HVF,HPR,333799,334639,334865,334638,334864,383512
s_76,HVF,383513,403934,DVF,HVF,DVF,403935,404779,415142,404778,415141,415983
s_76,HVF,404779,415141,DVF,HVF,DVF,415142,415984,426168,415983,426167,427008
s_76,HVF,415984,426167,DVF,HVF,CVF,426168,427009,431222,427008,431221,446438
s_77,HVF,45,7886,DVF,HVF,DVF,7887,8730,20837,8729,20836,21659
s_77,HVF,8730,20836,DVF,HVF,HAS,20837,21660,23882,21659,23881,35965
s_77,HVF,86956,101540,DVF,HVF,HAS,101541,102385,104204,102384,104203,118831
s_77,HVF,266639,276649,DVF,HVF,DVF,276650,277490,288236,277489,288235,289059
s_77,HVF,277490,288235,DVF,HVF,HPE,288236,289060,291196,289059,291195,295545
s_78,HVF,13062,23543,DVF,HVF,HAS,23544,24387,26013,24386,26012,34745
s_78,HVF,148790,157297,DVF,HVF,DVF,157298,158137,171072,158136,171071,171896
s_78,HVF,158137,171071,DVF,HVF,HAS,171072,171897,173014,171896,173013,184691
s_78,HVF,252390,261977,DVF,HVF,HPR,261978,262822,264222,262821,264221,280838
s_78,HVF,411120,419620,DVF,HVF,HPR,419621,420462,421692,420461,421691,467012
s_78,HVF,487413,495893,DVF,HVF,HPE,495894,496737,497813,496736,497812,518091
s_79,HPE,546983,550897,DPE,HPE,CPE,550898,551721,567481,551720,567480,570363
s_79,HVF,704660,714680,DVF,HVF,HPE,714681,715506,716342,715505,716341,727426
s_79,HVF,763724,774594,DVF,HVF,HPE,774595,775436,776364,775435,776363,777949
s_79,HVF,902352,912404,DVF,HVF,HPE,912405,913246,914673,913245,914672,919521
s_80,HVT,206446,212333,DVT,HVT,CVT,212334,213178,214169,213177,214168,216857
s_80,HVT,216858,229158,DVT,HVT,DVT,229159,230003,239625,230002,239624,240447
s_80,HVT,230003,239624,DVT,HVT,HPE,239625,240448,241407,240447,241406,241784
s_81,HVF,1,9185,DVF,HVF,CVF,9186,10009,13699,10008,13698,15732
s_81,HVF,204192,215156,DVF,HVF,DVF,215157,215999,231697,215998,231696,232538
s_81,HVF,215999,231696,DVF,HVF,CVF,231697,232539,241475,232538,241474,246736
s_81,HVF,289846,298845,DVF,HVF,HPE,298846,299669,300127,299668,300126,307053
s_81,HVF,346892,354448,DVF,HVF,HPR,354449,355289,356093,355288,356092,395867
s_81,HVF,395868,409538,DVF,HVF,HPE,409539,410379,410870,410378,410869,421013
s_81,HVF,581871,656028,DVF,HVF,HPE,656029,656869,660869,656868,660868,685637
s_81,HVF,746179,759076,DVF,HVF,HPE,759077,759899,760839,759898,760838,790634
s_81,HVF,790635,801699,DVF,HVF,HPR,801700,802544,803741,802543,803740,834818
s_81,HVF,834819,862093,DVF,HVF,HPE,862094,862934,865794,862933,865793,897963
s_81,HVF,919313,945268,DVF,HVF,HPE,945269,946109,947020,946108,947019,958130
s_81,HVF,994880,1009208,DVF,HVF,HPE,1009209,1010029,1010429,1010028,1010428,1020272
s_82,HVF,66,8092,DVF,HVF,HAS,8093,8935,10187,8934,10186,35363
s_82,HVF,104111,126970,DVF,HVF,HAS,126971,127810,128998,127809,128997,135857
s_82,HVF,182608,195691,DVF,HVF,HAS,195692,196535,197012,196534,197011,198862
s_82,HVF,230279,241259,DVF,HVF,HAS,241260,242100,242725,242099,242724,250549
s_82,HVF,264787,280007,DVF,HVF,HAS,280008,280830,281933,280829,281932,292598
s_82,HVF,330179,352864,DVF,HVF,HAS,352865,353705,354303,353704,354302,368157
s_82,HVF,400538,410718,DVF,HVF,HAS,410719,411560,411816,411559,411815,418393
s_82,HVF,454243,457304,DVF,HVF,HAS,457305,458125,458222,458124,458221,466125
s_82,HVF,489789,499718,DVF,HVF,HPE,499719,500560,500885,500559,500884,511225
s_82,HVF,560291,572812,DVF,HVF,HPR,572813,573655,573729,573654,573728,1201288
s_83,HVF,419341,427518,DVF,HVF,HAS,427519,428361,429741,428360,429740,431660
s_83,HVF,525686,536163,DVF,HVF,HAS,536164,537006,537992,537005,537991,543474
s_83,HVF,565310,574152,DVF,HVF,HAS,574153,574996,575901,574995,575900,578596
s_83,HVF,659900,668051,DVF,HVF,HAS,668052,668896,669910,668895,669909,672912
s_83,HVF,767029,775756,DVF,HVF,HAS,775757,776601,777528,776600,777527,783815
s_83,HVF,806760,816505,DVF,HVF,HAS,816506,817346,818460,817345,818459,824465
s_83,HVF,858042,866908,DVF,HVF,HAS,866909,867751,869089,867750,869088,874573
s_84,HVF,151773,191318,DVF,HVF,HAS,191319,192142,192743,192141,192742,205511
s_84,HVF,355695,455500,DVF,HVF,HAS,455501,456342,456986,456341,456985,462821
s_84,HVF,479078,496703,DVF,HVF,HAS,496704,497547,498195,497546,498194,506160
s_85,HVF,438359,452718,DVF,HVF,DVF,452719,453562,464040,453561,464039,464881
s_85,HVF,453562,464039,DVF,HVF,HPE,464040,464882,465453,464881,465452,475720
s_85,HPE,465453,475720,DPE,HPE,CPE,475721,476562,492722,476561,492721,496616
s_85,HVF,534910,548315,DVF,HVF,DVF,548316,549157,559907,549156,559906,560746
s_85,HVF,549157,559906,DVF,HVF,DVF,559907,560747,571143,560746,571142,571986
s_85,HVF,560747,571142,DVF,HVF,HAS,571143,571987,572676,571986,572675,576783
s_85,HVF,609232,616465,DVF,HVF,DVF,616466,617307,628002,617306,628001,628841
s_85,HVF,617307,628001,DVF,HVF,DVF,628002,628842,639458,628841,639457,640301
s_85,HVF,628842,639457,DVF,HVF,CVF,639458,640302,645305,640301,645304,675334
s_85,HVF,675335,686117,DVF,HVF,DVF,686118,686942,697256,686941,697255,698096
s_85,HVF,686942,697255,DVF,HVF,HPE,697256,698097,698889,698096,698888,708084
s_86,HAS,1,1172,DAS,HAS,HVF,1173,2013,23119,2012,23118,24398
s_86,HVF,36543,44759,DVF,HVF,DVF,44760,45603,56587,45602,56586,57427
s_86,HVF,45603,56586,DVF,HVF,HAS,56587,57428,58707,57427,58706,72526
s_86,HVF,99292,111995,DVF,HVF,HAS,111996,112838,113908,112837,113907,132705
s_86,HVF,156823,168029,DVF,HVF,HAS,168030,168873,169527,168872,169526,187467
s_86,HVF,321226,330294,DVF,HVF,HPE,330295,331138,332384,331137,332383,347702
s_87,HVF,69317,90349,DVF,HVF,HAS,90350,91190,91798,91189,91797,98578
s_87,HVF,136143,144519,DVF,HVF,HAS,144520,145360,145846,145359,145845,156513
s_88,HVF,427005,439063,DVF,HVF,HPE,439064,439904,441546,439903,441545,460539
s_89,HVF,149004,156877,DVF,HVF,HAS,156878,157719,158384,157718,158383,165354
s_90,HVF,1,1116,DVF,HVF,DVF,1117,1956,12481,1955,12480,13305
s_90,HVF,1956,12480,DVF,HVF,HAS,12481,13306,13807,13305,13806,27581
s_90,HVF,142708,156966,DVF,HVF,HAS,156967,157811,158527,157810,158526,170139
s_90,HVF,207764,221363,DVF,HVF,HAS,221364,222206,222991,222205,222990,231465
s_90,HVF,265647,275186,DVF,HVF,HPE,275187,276011,276539,276010,276538,278985
s_90,HVF,278986,286909,DVF,HVF,HPE,286910,287751,288363,287750,288362,326427
s_91,hvf,1,4185,Dvf,hvf,hpe,4186,5027,6292,5026,6291,7271
s_91,HVF,103916,106803,DVF,HVF,HAS,106804,107647,108358,107646,108357,115857
s_91,HVF,255744,264416,DVF,HVF,HPE,264417,265257,265929,265256,265928,282606
s_91,HVF,831295,841555,DVF,HVF,HPE,841556,842397,842547,842396,842546,853997
s_91,HVF,941674,951031,DVF,HVF,HPE,951032,951872,951948,951871,951947,960176
s_91,HVF,1007394,1014994,DVF,HVF,DVF,1014995,1015817,1026921,1015816,1026920,1027760
s_91,HVF,1015817,1026920,DVF,HVF,HPE,1026921,1027761,1027806,1027760,1027805,1039745
s_92,HVF,1,1446,DVF,HVF,HAS,1447,2291,2990,2290,2989,10412
s_92,HVF,77536,87971,DVF,HVF,HAS,87972,88811,89861,88810,89860,104164
s_92,HVF,333775,343201,DVF,HVF,dfb,343202,344026,357227,344025,357226,358019
s_92,HVF,528718,539874,DVF,HVF,DVF,539875,540716,552876,540715,552875,553715
s_92,HVF,540716,552875,DVF,HVF,CVF,552876,553716,554636,553715,554635,557140
s_92,HVF,562914,564929,DVF,HVF,CVF,564930,565751,570530,565750,570529,576012
s_92,HVF,588080,606158,DVF,HVF,CVF,606159,607001,611918,607000,611917,631269
s_92,HVF,631270,641546,DVF,HVF,HPE,641547,642371,642788,642370,642787,650104
s_93,HVF,1,493,DVF,HVF,HAS,494,1338,2495,1337,2494,8385
s_93,HVF,205831,217620,DVF,HVF,HAS,217621,218463,219149,218462,219148,228787
s_94,HVF,1,1246,DVF,HVF,HAS,1247,2071,2537,2070,2536,13787
s_94,HVF,48586,59152,DVF,HVF,HAS,59153,59996,60272,59995,60271,62057
s_95,HVT,282688,292544,DVT,HVT,HAS,292545,293368,293880,293367,293879,301823
s_95,HVT,338015,346134,DVT,HVT,DVT,346135,346958,357382,346957,357381,358222
s_95,HVT,346958,357381,DVT,HVT,DVT,357382,358223,368686,358222,368685,369527
s_95,HVT,358223,368685,DVT,HVT,HAS,368686,369528,369982,369527,369981,375854
s_95,HVT,403894,415135,DVT,HVT,DVT,415136,415958,426332,415957,426331,427157
s_95,HVT,415958,426331,DVT,HVT,DVT,426332,427158,437444,427157,437443,438282
s_95,HVT,427158,437443,DVT,HVT,CVT,437444,438283,443899,438282,443898,475972
s_96,HVF,43308,52661,DVF,HVF,HAS,52662,53505,54358,53504,54357,60030
s_96,HVF,251819,260715,DVF,HVF,HAS,260716,261560,262300,261559,262299,263427
s_97,HVF,11783,20260,DVF,HVF,HAS,20261,21104,21804,21103,21803,29335
s_97,HPE,290657,292250,DPE,HPE,CPE,292251,293094,306439,293093,306438,368737
s_98,HVF,1,493,DVF,HVF,HAS,494,1338,2396,1337,2395,8998
s_98,HVF,205831,217620,DVF,HVF,HAS,217621,218463,219217,218462,219216,228787
s_99,HVF,612536,621276,DVF,HVF,CVF,621277,622121,632953,622120,632952,685399
s_99,HVF,685400,694406,DVF,HVF,CVF,694407,695246,704694,695245,704693,707984
s_100,HVF,1,1554,DVF,HVF,DVF,1555,2377,13692,2376,13691,14531
s_100,HVF,2377,13691,DVF,HVF,CVF,13692,14532,18082,14531,18081,19052
s_100,HVF,19053,36545,DVF,HVF,CVF,36546,37387,37813,37386,37812,38361
s_100,HVF,104858,116482,DVF,HVF,CVF,116483,117327,120916,117326,120915,121362
s_100,HVF,199117,215534,DVF,HVF,HPE,215535,216357,217033,216356,217032,249303
s_100,HVF,254964,275340,DVF,HVF,HPE,275341,276182,276738,276181,276737,307727
s_101,HVF,172238,182586,DVF,HVF,HPE,182587,183428,185323,183427,185322,188789
s_101,HVF,188790,193867,DVF,HVF,HAS,193868,194708,196436,194707,196435,208804
s_101,HVF,318829,327738,DVF,HVF,HAS,327739,328578,329305,328577,329304,364873
s_103,HVF,53205,69369,DVF,HVF,HAS,69370,70210,70564,70209,70563,78277
s_103,HVF,122462,131091,DVF,HVF,HAS,131092,131935,131986,131934,131985,139174
s_103,HVF,188346,197466,DVF,HVF,HAS,197467,198290,198310,198289,198309,206087
s_103,HAS,258847,263332,DAS,HAS,CAS,263333,264175,273082,264174,273081,311762
s_103,HPE,315318,331687,DPE,HPE,CPE,331688,332530,357172,332529,357171,366954
s_103,HVF,514227,529804,DVF,HVF,DVF,529805,530645,540896,530644,540895,541719
s_103,HVF,530645,540895,DVF,HVF,CVF,540896,541720,551137,541719,551136,552112
s_104,HVF,1,1743,DVF,HVF,HPE,1744,2585,3606,2584,3605,14436
s_104,HVF,134364,144384,DVF,HVF,HAS,144385,145225,145762,145224,145761,156338
a_157,HVF,82123,86722,DVF,HVF,HPE,86723,87543,89853,87542,89852,91571
a_162,HVF,62,1856,DVF,HVF,HAS,1857,2696,3276,2695,3275,7895
a_162,HVF,147573,152047,DVF,HVF,HAS,152048,152891,153786,152890,153785,161178
a_170,HVT,227651,277287,DVT,HVT,HPR,277288,278113,279097,278112,279096,884766
a_173,HVT,439165,455774,DVT,HVT,DVT,455775,456596,460728,456595,460727,461570
a_173,HVT,456596,460727,DVT,HVT,DVT,460728,461571,464821,461570,464820,465660
a_173,HVT,461571,464820,DVT,HVT,CVT,464821,465661,473874,465660,473873,559220
a_173,HVT,559221,573992,DVT,HVT,HPE,573993,574836,575296,574835,575295,578006
a_173,HPE,575296,578006,DPE,HPE,DPE,578007,578826,581235,578825,581234,582075
a_173,HPE,578826,581234,DPE,HPE,CPE,581235,582076,593139,582075,593138,596024
a_173,HVT,690126,709255,DVT,HVT,DVT,709256,710096,713290,710095,713289,714110
a_173,HVT,710096,713289,DVT,HVT,HPE,713290,714111,714623,714110,714622,716792
a_173,HPE,714623,716792,DPE,HPE,CPE,716793,717636,725731,717635,725730,812949
a_173,HPE,812950,836401,DPE,HPE,DPE,836402,837246,840905,837245,840904,841745
a_173,HPE,837246,840904,DPE,HPE,DPE,840905,841746,845074,841745,845073,845915
a_173,HPE,841746,845073,DPE,HPE,CPE,845074,845916,857456,845915,857455,859973
a_173,HVF,941348,948562,DVF,HVF,HPE,948563,949406,949753,949405,949752,952360
a_173,HPE,949753,952360,DPE,HPE,DPE,952361,953201,956029,953200,956028,956870
a_173,HPE,953201,956028,DPE,HPE,CPE,956029,956871,969642,956870,969641,985943
a_173,HVF,1063336,1072889,DVF,HVF,HAS,1072890,1073731,1074077,1073730,1074076,1077347
a_173,HAS,1074077,1077347,DAS,HAS,HPR,1077348,1078191,1086533,1078190,1086532,1090239
a_176,HVF,159695,256206,DVF,HVF,HAS,256207,257048,257917,257047,257916,263074
a_176,HVF,578932,594166,DVF,HVF,HPR,594167,595008,595949,595007,595948,1100066
a_178,HAS,206947,214784,DAS,HAS,CAS,214785,215605,218942,215604,218941,298974
a_181,HVF,453478,465930,DVF,HVF,HAS,465931,466770,467670,466769,467669,474371
a_181,HPE,581317,588725,DPE,HPE,CPE,588726,589570,591253,589569,591252,592723
a_181,HPE,592724,598737,DPE,HPE,CPE,598738,599580,600939,599579,600938,603493
a_181,HPE,603494,606195,DPE,HPE,HAS,606196,607035,607480,607034,607479,614036
a_181,HVF,708736,715849,DVF,HVF,HPE,715850,716670,717061,716669,717060,721867
a_181,HPE,717061,721867,DPE,HPE,DPE,721868,722710,729431,722709,729430,730249
a_181,HPE,722710,729430,DPE,HPE,CPE,729431,730250,732190,730249,732189,745768
a_181,HPE,853842,888356,DPE,HPE,HAS,888357,889180,889491,889179,889490,896242
a_181,HPE,978043,997845,DPE,HPE,CPE,997846,998665,1012258,998664,1012257,1036123
a_181,HPE,1264029,1271559,DPE,HPE,DPE,1271560,1272400,1278233,1272399,1278232,1279074
a_181,HPE,1272400,1278232,DPE,HPE,CPE,1278233,1279075,1294701,1279074,1294700,1362876
a_186,HVF,130427,137377,DVF,HVF,HPR,137378,138201,138629,138200,138628,189636
a_189,HVF,403095,413798,DVF,HVF,DVF,413799,414638,419277,414637,419276,420097
a_189,HVF,414638,419276,DVF,HVF,DVF,419277,420098,423170,420097,423169,424012
a_189,HVF,420098,423169,DVF,HVF,CVF,423170,424013,428725,424012,428724,473779
a_189,HPE,517018,520370,DPE,HPE,DPE,520371,521213,524904,521212,524903,525747
a_189,HPE,521213,524903,DPE,HPE,DPE,524904,525748,529287,525747,529286,530127
a_189,HPE,525748,529286,DPE,HPE,HAS,529287,530128,537220,530127,537219,540668
l_209,hun,361597,375528,Dun,hun,cun,375529,376350,378777,376349,378776,388213
l_209,hun,388214,389639,Dun,hun,cun,389640,390480,397923,390479,397922,562499
l_212,HVF,1,1333,DVF,HVF,HPE,1334,2175,2476,2174,2475,5355
l_212,HVF,6850,14309,DVF,HVF,DVF,14310,15130,25467,15129,25466,26309
l_212,HVF,15130,25466,DVF,HVF,HPE,25467,26310,26558,26309,26557,27177
l_212,HVF,63788,73067,DVF,HVF,CVF,73068,73910,74640,73909,74639,78213
l_212,HVF,78214,84594,DVF,HVF,DVF,84595,85415,95891,85414,95890,96734
l_212,HVF,85415,95890,DVF,HVF,HPE,95891,96735,96851,96734,96850,97282
l_212,HVF,115006,119338,DVF,HVF,HPE,119339,120180,120537,120179,120536,120640
l_212,HVF,175535,187700,DVF,HVF,DVF,187701,188520,199806,188519,199805,200649
l_212,HVF,188520,199805,DVF,HVF,dfb,199806,200650,211398,200649,211397,212125
l_216,HVF,7417,11434,DVF,HVF,DVF,11435,12275,22227,12274,22226,23049
l_216,HVF,12275,22226,DVF,HVF,HAS,22227,23050,23555,23049,23554,25035
l_216,HVF,85163,93601,DVF,HVF,HAS,93602,94445,94918,94444,94917,97286
l_216,HVF,100589,105602,DVF,HVF,CVF,105603,106445,108299,106444,108298,110888
l_216,HVF,110889,117058,DVF,HVF,HAS,117059,117900,118396,117899,118395,120605
l_216,HVF,131302,159711,DVF,HVF,HAS,159712,160535,161136,160534,161135,171422
l_216,HVF,191536,197265,DVF,HVF,HAS,197266,198110,198639,198109,198638,208328
l_216,HVF,217854,245242,DVF,HVF,HAS,245243,246065,246415,246064,246414,249008
l_216,HVF,269660,277243,DVF,HVF,HPE,277244,278065,278290,278064,278289,281105
l_216,HVF,330593,339990,DVF,HVF,HAS,339991,340835,341184,340834,341183,348420
l_216,HVF,360056,362454,DVF,HVF,HPE,362455,363295,363526,363294,363525,365115
l_216,HVF,396722,404197,DVF,HVF,HAS,404198,405020,405234,405019,405233,408272
l_216,HVF,442180,449259,DVF,HVF,HAS,449260,450100,450431,450099,450430,460282
l_216,HVF,474634,481855,DVF,HVF,HAS,481856,482695,482823,482694,482822,484420
l_216,HVF,507427,515836,DVF,HVF,HAS,515837,516660,516818,516659,516817,528401
l_216,HAS,516818,528401,DAS,HAS,CAS,528402,529245,534878,529244,534877,540351
l_220,HVF,6007,13201,DVF,HVF,HAS,13202,14042,14927,14041,14926,19916
l_220,HVF,19917,34614,DVF,HVF,HAS,34615,35457,36016,35456,36015,39371
l_220,HAS,45445,47260,DAS,HAS,HVF,47261,48102,48613,48101,48612,68009
l_220,HVF,48613,68009,DVF,HVF,CVF,68010,68832,71275,68831,71274,72323
l_220,HVF,72324,80080,DVF,HVF,CVF,80081,80902,81108,80901,81107,84511
l_220,HVF,84512,92256,DVF,HVF,CVF,92257,93097,95969,93096,95968,96289
l_220,HVF,96290,106482,DVF,HVF,HAS,106483,107307,107677,107306,107676,111862
l_220,HVF,111863,119113,DVF,HVF,DVF,119114,119957,130700,119956,130699,131521
l_220,HVF,119957,130699,DVF,HVF,CVF,130700,131522,155015,131521,155014,157353
l_220,HVF,163190,175382,DVF,HVF,DVF,175383,176202,187469,176201,187468,188311
l_220,HVF,176202,187468,DVF,HVF,CVF,187469,188312,207646,188311,207645,211302
l_220,HVF,227607,231246,DVF,HVF,CVF,231247,232087,241361,232086,241360,254367
l_220,HVF,254368,267755,DVF,HVF,CVF,267756,268577,278580,268576,278579,289509
l_220,HVF,333967,346079,DVF,HVF,CVF,346080,346902,365227,346901,365226,372389
l_220,HVF,372390,387442,DVF,HVF,CVF,387443,388287,396825,388286,396824,406072
l_220,HVF,517435,526220,DVF,HVF,DVF,526221,527062,538482,527061,538481,539321
l_220,HVF,527062,538481,DVF,HVF,DVF,538482,539322,550648,539321,550647,551491
l_220,HVF,539322,550647,DVF,HVF,CVF,550648,551492,555983,551491,555982,563216
l_220,HVF,623968,633932,DVF,HVF,CVF,633933,634752,638537,634751,638536,640984
l_220,HVF,640985,646280,DVF,HVF,CVF,646281,647122,667526,647121,667525,676719
l_220,HVF,734638,742474,DVF,HVF,HAS,742475,743317,743768,743316,743767,746237
l_220,HVF,793729,801668,DVF,HVF,HAS,801669,802512,802863,802511,802862,810473
l_220,HVF,810474,824211,DVF,HVF,HAS,824212,825052,825522,825051,825521,829801
l_226,HVF,82724,131752,DVF,HVF,HAS,131753,132575,133004,132574,133003,180174
l_226,HVF,193682,204887,DVF,HVF,CVF,204888,205730,207116,205729,207115,210419
l_226,HVF,210420,216014,DVF,HVF,CVF,216015,216835,217365,216834,217364,220717
l_226,HVF,220718,227304,DVF,HVF,HAS,227305,228145,228543,228144,228542,238003
l_226,HVF,329851,341748,DVF,HVF,HAS,341749,342570,342975,342569,342974,347221
l_226,HVF,347222,354814,DVF,HVF,HAS,354815,355635,356037,355634,356036,369352
l_226,HVF,412245,421980,DVF,HVF,HAS,421981,422825,423140,422824,423139,426787
l_226,HVF,509227,522503,DVF,HVF,HAS,522504,523325,523712,523324,523711,531006
s_245,HVF,58,3537,DVF,HVF,HAS,3538,4378,4917,4377,4916,12316
s_245,HVT,221732,233126,DVT,HVT,HAS,233127,233968,234518,233967,234517,238267
s_245,HPE,275374,287331,DPE,HPE,CPE,287332,288173,305928,288172,305927,309681
s_245,HPE,334326,344186,DPE,HPE,CPE,344187,345028,360415,345027,360414,364177
s_245,HVF,390257,400321,DVF,HVF,HPE,400322,401163,401717,401162,401716,412057
s_245,HVF,443011,453002,DVF,HVF,HPE,453003,453843,453893,453842,453892,475060
s_245,HVF,565408,579023,DVF,HVF,HAS,579024,579868,580736,579867,580735,584781
s_250,HVF,742902,771553,DVF,HVF,HAS,771554,772394,773930,772393,773929,778749
s_253,HVF,193,4894,DVF,HVF,HAS,4895,5735,6547,5734,6546,16237
s_253,HVF,140338,152506,DVF,HVF,HAS,152507,153350,153882,153349,153881,161403
s_255,hun,391049,495458,Dun,hun,cun,495459,496298,608826,496297,608825,651935
s_257,HVF,96,6439,DVF,HVF,HAS,6440,7281,7396,7280,7395,31345
s_259,HVF,328001,361606,DVF,HVF,HPE,361607,362449,363104,362448,363103,383365
s_259,HVF,383366,395892,DVF,HVF,HPE,395893,396734,397021,396733,397020,399809
a_269,hun,54897,56229,Dun,hun,cun,56230,57069,60068,57068,60067,86710
a_270,HVF,98467,108843,DVF,HVF,HAS,108844,109684,110296,109683,110295,112930
a_270,HVF,206525,214826,DVF,HVF,HAS,214827,215649,216301,215648,216300,219615
a_270,HVF,318591,326808,DVF,HVF,HAS,326809,327649,328200,327648,328199,331472
a_271,HVF,1,721,DVF,HVF,HAS,722,1562,2833,1561,2832,3600
a_271,HVF,219662,228152,DVF,HVF,HAS,228153,228977,229576,228976,229575,229756
a_271,HVF,336386,341156,DVF,HVF,HPE,341157,341997,342632,341996,342631,350673
a_271,HVF,350674,359840,DVF,HVF,HAS,359841,360682,361137,360681,361136,365448
a_271,HPE,476995,479771,DPE,HPE,HAS,479772,480612,481141,480611,481140,485427
a_271,HVF,685613,690237,DVF,HVF,HPE,690238,691082,691186,691081,691185,698077
a_271,HVF,698078,702614,DVF,HVF,HPE,702615,703457,703790,703456,703789,720964
a_271,HVT,841098,850657,DVT,HVT,HPE,850658,851502,851737,851501,851736,855600
a_272,HVT,490599,499097,DVT,HVT,DVT,499098,499942,503676,499941,503675,504516
a_272,HVT,499942,503675,DVT,HVT,DVT,503676,504517,510529,504516,510528,511371
a_272,HVT,504517,510528,DVT,HVT,CVT,510529,511372,514375,511371,514374,520477
a_274,hun,474193,479492,Dun,hun,cun,479493,480334,483615,480333,483614,498100
a_275,HVF,289345,299161,DVF,HVF,HPE,299162,300005,300494,300004,300493,315420
a_275,HVF,409476,414764,DVF,HVF,HPE,414765,415605,416143,415604,416142,435513
a_279,HVF,89581,96981,DVF,HVF,HAS,96982,97824,98798,97823,98797,99911
a_282,HVF,2900,14468,DVF,HVF,HAS,14469,15308,16335,15307,16334,19694
a_282,HVF,95650,96640,DVF,HVF,HPE,96641,97483,97861,97482,97860,104538
a_282,HVF,220594,227187,DVF,HVF,CVF,227188,228008,229909,228007,229908,238002
a_282,HVF,238003,241018,DVF,HVF,CVF,241019,241858,247192,241857,247191,342936
a_282,HVF,342937,347763,DVF,HVF,HPR,347764,348603,348678,348602,348677,439146
a_284,HVF,1,23608,DVF,HVF,HAS,23609,24450,25207,24449,25206,36726
a_287,HVF,106212,113612,DVF,HVF,HAS,113613,114437,115055,114436,115054,117845
a_287,HVF,221972,232454,DVF,HVF,HAS,232455,233297,233821,233296,233820,235990
a_287,HVF,329537,335688,DVF,HVF,DVF,335689,336512,343362,336511,343361,344201
a_287,HVF,336512,343361,DVF,HVF,HPE,343362,344202,345244,344201,345243,358595
a_287,HVF,723462,774400,DVF,HVF,HPE,774401,775227,775949,775226,775948,788710
a_290,HAS,1,25332,DAS,HAS,CAS,25333,26175,31041,26174,31040,34141
a_290,HVF,706996,717245,DVF,HVF,DVF,717246,718085,723204,718084,723203,724044
a_290,HVF,718085,723203,DVF,HVF,DVF,723204,724045,732225,724044,732224,733064
a_290,HVF,724045,732224,DVF,HVF,CVF,732225,733065,754578,733064,754577,955962
a_291,HVF,134968,149574,DVF,HVF,HAS,149575,150398,150860,150397,150859,155737
a_291,HVF,249924,260853,DVF,HVF,HAS,260854,261693,262138,261692,262137,266225
a_291,HVF,356170,361479,DVF,HVF,HAS,361480,362323,362997,362322,362996,366472
a_291,HVF,447510,474254,DVF,HVF,HAS,474255,475078,475675,475077,475674,481739
a_291,HVF,576941,582694,DVF,HVF,HPE,582695,583538,584409,583537,584408,600967
a_291,HPE,584409,600967,DPE,HPE,CPE,600968,601793,607458,601792,607457,647844
a_291,HVF,697051,700903,DVF,HVF,HAS,700904,701728,702127,701727,702126,704115
a_292,HVF,110716,118317,DVF,HVF,HAS,118318,119142,119632,119141,119631,122808
a_292,HVF,217350,223665,DVF,HVF,HAS,223666,224507,225198,224506,225197,227383
a_292,HPE,318208,341899,DPE,HPE,CPE,341900,342722,350561,342721,350560,431222
a_292,HVF,441101,450834,DVF,HVF,HPE,450835,451677,452138,451676,452137,457203
a_295,HVF,153529,158529,DVF,HVF,HAS,158530,159373,160605,159372,160604,163087
a_295,HVF,306596,316686,DVF,HVF,HAS,316687,317528,318427,317527,318426,322946
a_295,HVF,454003,459329,DVF,HVF,HAS,459330,460153,460903,460152,460902,465504
a_295,HPE,555725,567981,DPE,HPE,HAS,567982,568823,569443,568822,569442,572531
a_297,HVF,102029,109118,DVF,HVF,HAS,109119,109959,110254,109958,110253,118069
a_297,HPR,238716,271398,DPR,HPR,CPR,271399,272219,285858,272218,285857,326946
a_298,HPE,114585,138063,DPE,HPE,HAS,138064,138907,139816,138906,139815,143316
a_298,HAS,139816,143316,DAS,HAS,CAS,143317,144157,147299,144156,147298,163191
a_299,HVF,537121,548404,DVF,HVF,HAS,548405,549245,550501,549244,550500,551007
a_299,HPE,937612,949061,DPE,HPE,HAS,949062,949905,950891,949904,950890,954729
a_302,HVF,119163,127156,DVF,HVF,HAS,127157,127998,129441,127997,129440,133114
a_302,HAS,129441,133114,DAS,HAS,CAS,133115,133958,136102,133957,136101,147342
a_302,HVF,231712,239549,DVF,HVF,HPR,239550,240373,241555,240372,241554,265979
a_304,HVF,75151,82983,DVF,HVF,HAS,82984,83824,84687,83823,84686,98397
a_304,HVF,221671,228644,DVF,HVF,HAS,228645,229484,230190,229483,230189,236991
a_306,HVF,78121,86131,DVF,HVF,DVF,86132,86973,93584,86972,93583,94427
a_306,HVF,86973,93583,DVF,HVF,DVF,93584,94428,99507,94427,99506,100347
a_306,HVF,94428,99506,DVF,HVF,HPE,99507,100348,101265,100347,101264,106423
a_306,HVF,282692,292287,DVF,HVF,HPE,292288,293128,294078,293127,294077,296881
a_306,HPE,294078,296881,DPE,HPE,DPE,296882,297723,302409,297722,302408,303252
a_306,HPE,297723,302408,DPE,HPE,HPR,302409,303253,303654,303252,303653,315962
a_306,HVF,625889,633004,DVF,HVF,HAS,633005,633848,634714,633847,634713,643608
a_306,HPR,902421,909741,DPR,HPR,CPR,909742,910583,926789,910582,926788,1012568
a_306,HPR,1012569,1031730,DPR,HPR,DPR,1031731,1032573,1042557,1032572,1042556,1043397
a_306,HPR,1032573,1042556,DPR,HPR,DPR,1042557,1043398,1052918,1043397,1052917,1053757
a_306,HPR,1043398,1052917,DPR,HPR,CPR,1052918,1053758,1057428,1053757,1057427,1113792
a_306,HVT,1331944,1336004,DVT,HVT,HPR,1336005,1336828,1337421,1336827,1337420,1341870
a_306,HVT,1409305,1417633,DVT,HVT,HPR,1417634,1418478,1419342,1418477,1419341,1440448
a_306,HVT,1440449,1449829,DVT,HVT,HPR,1449830,1450653,1451138,1450652,1451137,1494123
a_306,HVT,1494124,1505486,DVT,HVT,HPR,1505487,1506328,1506757,1506327,1506756,1541131
a_306,HVT,1541132,1551173,DVT,HVT,HPR,1551174,1551993,1552125,1551992,1552124,1557500
l_311,HVF,106241,115342,DVF,HVF,HPE,115343,116185,116604,116184,116603,118873
l_312,HAS,918316,926514,DAS,HAS,CAS,926515,927354,935368,927353,935367,941451
l_313,HVF,296375,308247,DVF,HVF,DVF,308248,309090,327242,309089,327241,328084
l_313,HVF,309090,327241,DVF,HVF,HAS,327242,328085,328761,328084,328760,329908
l_313,HAS,444927,467777,DAS,HAS,HPE,467778,468620,469129,468619,469128,473144
l_313,HVF,576181,582901,DVF,HVF,HPE,582902,583745,584145,583744,584144,595162
l_313,HPE,584145,595162,DPE,HPE,DPE,595163,596005,607843,596004,607842,608664
l_313,HPE,596005,607842,DPE,HPE,HAS,607843,608665,611213,608664,611212,615250
l_313,HVF,649366,658713,DVF,HVF,DVF,658714,659535,675014,659534,675013,675834
l_313,HVF,659535,675013,DVF,HVF,HPE,675014,675835,676397,675834,676396,683359
l_313,HVF,779469,789442,DVF,HVF,CVF,789443,790285,797023,790284,797022,805087
l_313,HAS,805364,806327,DAS,HAS,CAS,806328,807170,809467,807169,809466,813632
l_313,HVF,879432,890048,DVF,HVF,HPE,890049,890890,894718,890889,894717,901611
l_313,HVF,917809,934516,DVF,HVF,DVF,934517,935360,948207,935359,948206,949049
l_313,HVF,935360,948206,DVF,HVF,HAS,948207,949050,949320,949049,949319,957013
l_313,HVF,981633,989925,DVF,HVF,HAS,989926,990765,991034,990764,991033,996717
l_313,HVF,1162512,1171390,DVF,HVF,HAS,1171391,1172235,1172472,1172234,1172471,1179264
l_318,HVF,4678,13837,DVF,HVF,HPE,13838,14681,14881,14680,14880,16910
l_318,HVF,27651,28812,DVF,HVF,CVF,28813,29656,32151,29655,32150,37166
l_318,HVF,37167,40918,DVF,HVF,CVF,40919,41741,44388,41740,44387,48869
l_318,HVF,97582,110863,DVF,HVF,CVF,110864,111706,150518,111705,150517,154732
l_318,HVF,195742,203176,DVF,HVF,HPE,203177,204016,204327,204015,204326,215790
l_318,HVF,215791,229913,DVF,HVF,HPE,229914,230736,231120,230735,231119,235079
l_318,HVF,569870,582583,DVF,HVF,CVF,582584,583406,586094,583405,586093,589167
l_318,HVF,591818,597149,DVF,HVF,CVF,597150,597991,599937,597990,599936,607477
l_320,HVF,189346,199136,DVF,HVF,HAS,199137,199960,201095,199959,201094,232458
l_321,HVF,329131,341795,DVF,HVF,HPR,341796,342636,343484,342635,343483,349566
l_321,HVF,349567,367096,DVF,HVF,HPR,367097,367921,368614,367920,368613,570270
l_322,HVF,54097,64057,DVF,HVF,HAS,64058,64881,65375,64880,65374,66297
l_322,HVF,277528,302347,DVF,HVF,HAS,302348,303191,303834,303190,303833,307410
l_322,HVF,311647,315402,DVF,HVF,HAS,315403,316246,316769,316245,316768,321325
l_322,HVF,663588,675648,DVF,HVF,HAS,675649,676491,676982,676490,676981,682480
l_322,HPE,682481,689533,DPE,HPE,HAS,689534,690356,690958,690355,690957,702796
l_323,HVF,1,2126,DVF,HVF,HVT,2127,2947,3698,2946,3697,13417
l_323,HVT,3698,13417,DVT,HVT,HAS,13418,14242,14974,14241,14973,23736
l_323,HVF,111290,118968,DVF,HVF,HAS,118969,119812,120731,119811,120730,125563
l_323,HVF,192403,202300,DVF,HVF,DVF,202301,203142,214052,203141,214051,214891
l_323,HVF,203142,214051,DVF,HVF,DVF,214052,214892,225244,214891,225243,226086
l_323,HVF,214892,225243,DVF,HVF,CVF,225244,226087,246178,226086,246177,255780
l_323,HVF,416682,426777,DVF,HVF,DVF,426778,427622,438625,427621,438624,439446
l_323,HVF,427622,438624,DVF,HVF,CVF,438625,439447,445719,439446,445718,446052
l_323,HVF,446053,450420,DVF,HVF,CVF,450421,451242,459909,451241,459908,488062
l_323,HVF,545465,555911,DVF,HVF,DVF,555912,556752,568828,556751,568827,569666
l_323,HVF,556752,568827,DVF,HVF,CVF,568828,569667,578627,569666,578626,581639
l_323,HVF,581640,583157,DVF,HVF,CVF,583158,584002,588308,584001,588307,598359
l_324,HVF,281358,292822,DVF,HVF,HAS,292823,293665,294781,293664,294780,301591
l_325,HVF,86969,94407,DVF,HVF,HPE,94408,95250,96239,95249,96238,106483
l_325,HPE,96239,106483,DPE,HPE,CPE,106484,107325,115542,107324,115541,125469
l_326,HVF,13618,21982,DVF,HVF,HAS,21983,22823,23667,22822,23666,29762
l_326,HVF,69339,77885,DVF,HVF,HAS,77886,78728,79460,78727,79459,79862
l_326,HVF,83175,91111,DVF,HVF,HAS,91112,91953,92864,91952,92863,95786
l_326,HVF,108821,123456,DVF,HVF,HAS,123457,124298,124768,124297,124767,130130
l_326,HVF,142336,153397,DVF,HVF,HAS,153398,154238,154856,154237,154855,155454
l_326,HVF,159174,165948,DVF,HVF,CVF,165949,166788,167936,166787,167935,172207
l_326,HVF,195117,209785,DVF,HVF,DVF,209786,210628,228440,210627,228439,229282
l_326,HVF,210628,228439,DVF,HVF,HAS,228440,229283,230096,229282,230095,243850
l_326,HVF,306101,317218,DVF,HVF,HAS,317219,318063,318657,318062,318656,320146
l_326,HVF,327835,332459,DVF,HVF,HAS,332460,333303,334013,333302,334012,338946
l_326,HVF,522932,534061,DVF,HVF,hvf,534062,534883,538767,534882,538766,541432
l_329,HPE,731630,741625,DPE,HPE,CPE,741626,742449,754217,742448,754216,765668
l_331,HVF,679678,693038,DVF,HVF,HAS,693039,693858,694555,693857,694554,700800
l_332,HVF,10663,19225,DVF,HVF,HAS,19226,20068,20926,20067,20925,35633
l_332,HVF,255267,264061,DVF,HVF,DVF,264062,264903,276224,264902,276223,277062
l_332,HVF,264903,276223,DVF,HVF,DVF,276224,277063,289320,277062,289319,290142
l_332,HVF,277063,289319,DVF,HVF,HPE,289320,290143,290736,290142,290735,294468
l_332,HVF,294469,309578,DVF,HVF,HPE,309579,310418,310932,310417,310931,317332
l_332,HVF,378300,391406,DVF,HVF,HPR,391407,392228,392441,392227,392440,404929
l_332,HVF,420924,427857,DVF,HVF,HPE,427858,428678,429037,428677,429036,431428
l_332,HVT,431429,441297,DVT,HVT,HAS,441298,442138,442794,442137,442793,447049
l_332,HVF,543297,561566,DVF,HVF,HPE,561567,562388,563100,562387,563099,569176
l_332,HVF,666644,680950,DVF,HVF,HPE,680951,681793,682002,681792,682001,685694
l_332,HVF,685695,694816,DVF,HVF,CVF,694817,695658,699144,695657,699143,703051
l_332,HVF,709310,711197,DVF,HVF,CVF,711198,712018,716276,712017,716275,720540
l_332,HVF,774825,788176,DVF,HVF,DVF,788177,789018,799989,789017,799988,800827
l_332,HVF,789018,799988,DVF,HVF,CVF,799989,800828,804800,800827,804799,809042
l_332,HVF,809043,822357,DVF,HVF,CVF,822358,823178,829307,823177,829306,831897
l_332,HVF,865619,876787,DVF,HVF,DVF,876788,877628,891629,877627,891628,892447
l_332,HVF,877628,891628,DVF,HVF,CVF,891629,892448,897083,892447,897082,903836
l_335,HVF,1,2084,DVF,HVF,HAS,2085,2925,3318,2924,3317,19502
l_335,HVF,51463,61471,DVF,HVF,HAS,61472,62295,62566,62294,62565,87652
l_335,HVF,118075,128026,DVF,HVF,HPE,128027,128850,129660,128849,129659,145335
l_335,HVF,698751,709217,DVF,HVF,HPE,709218,710060,710431,710059,710430,749910
l_335,HVF,885410,888032,DVF,HVF,HPE,888033,888855,889149,888854,889148,912812
l_336,HVF,1,5876,DVF,HVF,HAS,5877,6719,7423,6718,7422,12202
l_336,HVF,65509,69583,DVF,HVF,HAS,69584,70404,71157,70403,71156,78112
l_336,HVF,187116,202477,DVF,HVF,HAS,202478,203299,204022,203298,204021,206548
l_336,HVF,285116,298075,DVF,HVF,HAS,298076,298919,299475,298918,299474,301232
l_336,HVF,467495,481146,DVF,HVF,HPE,481147,481969,482686,481968,482685,574533
l_337,HPE,532728,543282,DPE,HPE,CPE,543283,544105,564168,544104,564167,577325
l_339,HVF,71670,82138,DVF,HVF,HAS,82139,82981,83641,82980,83640,91879
l_339,HVF,107006,118923,DVF,HVF,HAS,118924,119766,120234,119765,120233,122083
l_339,HVF,168329,170078,DVF,HVF,HAS,170079,170921,171270,170920,171269,175398
l_339,HVF,776421,795088,DVF,HVF,CVF,795089,795931,805544,795930,805543,809036
l_339,HVF,809037,811078,DVF,HVF,CVF,811079,811921,812331,811920,812330,812671
l_342,HVF,219872,236508,DVF,HVF,DVF,236509,237349,247491,237348,247490,248333
l_342,HVF,237349,247490,DVF,HVF,HPE,247491,248334,248924,248333,248923,307251
l_342,HVF,307252,323654,DVF,HVF,HPE,323655,324494,325033,324493,325032,333682
l_342,HVF,333683,356844,DVF,HVF,DVF,356845,357669,375334,357668,375333,376173
l_342,HVF,357669,375333,DVF,HVF,HPE,375334,376174,376428,376173,376427,379461
l_342,HVF,379462,389363,DVF,HVF,CVF,389364,390189,408989,390188,408988,416388
l_342,HVF,524400,543532,DVF,HVF,DVF,543533,544374,556784,544373,556783,557623
l_342,HVF,544374,556783,DVF,HVF,HPE,556784,557624,557942,557623,557941,572274
l_342,HVF,649023,668853,DVF,HVF,DVF,668854,669694,679935,669693,679934,680778
l_342,HVF,669694,679934,DVF,HVF,DVF,679935,680779,692521,680778,692520,693343
l_342,HVF,680779,692520,DVF,HVF,HPE,692521,693344,693734,693343,693733,695543
l_342,HVF,738140,755928,DVF,HVF,DVF,755929,756769,775578,756768,775577,776418
l_342,HVF,756769,775577,DVF,HVF,CVF,775578,776419,793456,776418,793455,799078
l_343,HVF,17918,24588,DVF,HVF,HAS,24589,25431,25733,25430,25732,27039
l_343,HVF,86920,105290,DVF,HVF,HAS,105291,106132,106634,106131,106633,122595
l_345,HVF,1,2074,DVF,HVF,HAS,2075,2916,2967,2915,2966,11685
l_345,HVF,17778,26622,DVF,HVF,HAS,26623,27466,27578,27465,27577,33449
l_345,HVF,33450,52114,DVF,HVF,HAS,52115,52956,53013,52955,53012,59727
l_345,HVF,103631,111717,DVF,HVF,DVF,111718,112561,123519,112560,123518,124360
l_345,HVF,112561,123518,DVF,HVF,DVF,123519,124361,135180,124360,135179,136020
l_345,HVF,124361,135179,DVF,HVF,CVF,135180,136021,142741,136020,142740,160938
l_345,HVF,294257,305123,DVF,HVF,dfb,305124,305966,317779,305965,317778,318521
l_345,HVF,321126,330174,DVF,HVF,CVF,330175,331016,423116,331015,423115,428226
l_345,HVF,562358,575812,DVF,HVF,HPE,575813,576656,578519,576655,578518,591796
l_345,HVF,675564,685371,DVF,HVF,HPE,685372,686216,686527,686215,686526,694470
l_345,HVF,751428,755497,DVF,HVF,HPE,755498,756341,756690,756340,756689,765029
l_346,HVF,168304,186463,DVF,HVF,HPE,186464,187305,187866,187304,187865,212500
l_349,HVF,173836,187648,DVF,HVF,HPE,187649,188490,189491,188489,189490,204982
l_349,HVF,215554,221803,DVF,HVF,HPE,221804,222645,223404,222644,223403,237367
l_349,HVF,247217,255668,DVF,HVF,HPE,255669,256510,257101,256509,257100,269134
l_349,HPE,257101,269134,DPE,HPE,DPE,269135,269975,282375,269974,282374,283214
l_349,HPE,269975,282374,DPE,HPE,HAS,282375,283215,290219,283214,290218,296589
l_349,HPE,359677,373634,DPE,HPE,CPE,373635,374455,392257,374454,392256,397084
l_350,HVF,144386,158879,DVF,HVF,HAS,158880,159700,160378,159699,160377,169767
l_353,HVF,1,7201,DVF,HVF,CVF,7202,8044,8423,8043,8422,8807
l_357,HVF,1,3454,DVF,HVF,HAS,3455,4297,4769,4296,4768,27109
s_360,hun,1,1195,Dun,hun,HVF,1196,2040,3039,2039,3038,12800
s_360,HVF,3039,12800,DVF,HVF,CVF,12801,13625,27462,13624,27461,29356
s_360,HVF,148126,158144,DVF,HVF,HAS,158145,158985,160255,158984,160254,166279
s_360,HPE,166280,169995,DPE,HPE,CPE,169996,170835,171270,170834,171269,174459
s_360,HVF,226980,237575,DVF,HVF,HPE,237576,238415,238745,238414,238744,250191
s_360,HVF,380507,391030,DVF,HVF,DVF,391031,391870,403627,391869,403626,404469
s_360,HVF,391870,403626,DVF,HVF,DVF,403627,404470,417262,404469,417261,418104
s_360,HVF,404470,417261,DVF,HVF,CVF,417262,418105,421489,418104,421488,450697
s_363,HVF,6837,15125,DVF,HVF,HAS,15126,15950,17082,15949,17081,25091
s_366,HVF,290120,304147,DVF,HVF,HAS,304148,304988,305145,304987,305144,319790
s_375,HVF,1,4102,DVF,HVF,HPE,4103,4947,5174,4946,5173,15355
s_375,HVF,121417,129675,DVF,HVF,HAS,129676,130517,130913,130516,130912,167224
s_375,HVF,243040,255142,DVF,HVF,HAS,255143,255987,256741,255986,256740,270077
s_375,HVF,335895,360975,DVF,HVF,HAS,360976,361817,362594,361816,362593,370340
s_377,HVF,21700,34300,DVF,HVF,DVF,34301,35125,50986,35124,50985,51829
s_377,HVF,35125,50985,DVF,HVF,DVF,50986,51830,66816,51829,66815,67659
s_377,HVF,51830,66815,DVF,HVF,CVF,66816,67660,77566,67659,77565,81267
s_377,HVF,103329,112320,DVF,HVF,DVF,112321,113145,123234,113144,123233,124073
s_377,HVF,113145,123233,DVF,HVF,DVF,123234,124074,136013,124073,136012,136834
s_377,HVF,124074,136012,DVF,HVF,CVF,136013,136835,147720,136834,147719,151133
s_377,HVF,176889,185253,DVF,HVF,DVF,185254,186095,196285,186094,196284,197104
s_377,HVF,186095,196284,DVF,HVF,DVF,196285,197105,207667,197104,207666,208509
s_377,HVF,197105,207666,DVF,HVF,CVF,207667,208510,214509,208509,214508,230433
s_377,HVF,244985,253696,DVF,HVF,CVF,253697,254520,264776,254519,264775,266520
s_377,HVF,343232,350683,DVF,HVF,CVF,350684,351525,361883,351524,361882,404679
s_377,HVF,404680,413694,DVF,HVF,DVF,413695,414535,426621,414534,426620,427464
s_377,HVF,414535,426620,DVF,HVF,DVF,426621,427465,437682,427464,437681,438524
s_377,HVF,427465,437681,DVF,HVF,CVF,437682,438525,441731,438524,441730,455976
s_377,HVF,571214,580425,DVF,HVF,DVF,580426,581265,591857,581264,591856,592699
s_377,HVF,581265,591856,DVF,HVF,DVF,591857,592700,604678,592699,604677,605519
s_377,HVF,592700,604677,DVF,HVF,CVF,604678,605520,607615,605519,607614,610290
s_381,HVF,497504,505394,DVF,HVF,HPE,505395,506219,506877,506218,506876,537259
s_382,HVF,1,8050,DVF,HVF,HAS,8051,8891,10039,8890,10038,31095
s_382,HVF,120088,132475,DVF,HVF,HAS,132476,133301,134029,133300,134028,153908
s_383,HVF,134000,145427,DVF,HVF,DVF,145428,146252,161584,146251,161583,162426
s_383,HVF,146252,161583,DVF,HVF,HAS,161584,162427,171756,162426,171755,176902
s_384,hun,134000,145427,Dun,hun,Dun,145428,146252,161584,146251,161583,162426
s_384,hun,146252,161583,Dun,hun,cun,161584,162427,176903,162426,176902,180521
s_387,HVF,437556,447422,DVF,HVF,HPE,447423,448246,449017,448245,449016,464622
s_388,hun,201749,225856,Dun,hun,Dun,225857,226700,244422,226699,244421,245264
s_388,hun,226700,244421,Dun,hun,Dun,244422,245265,255728,245264,255727,256569
s_388,hun,245265,255727,Dun,hun,cun,255728,256570,321440,256569,321439,329243
s_388,hun,393115,410488,Dun,hun,Dun,410489,411330,424639,411329,424638,425479
s_388,hun,411330,424638,Dun,hun,cun,424639,425480,428604,425479,428603,442008
s_388,hun,442009,449156,Dun,hun,cun,449157,450000,452340,449999,452339,455582
s_390,HVF,633627,645873,DVF,HVF,HAS,645874,646714,647455,646713,647454,656529
s_393,HVF,50060,60592,DVF,HVF,CVF,60593,61415,77695,61414,77694,88565
