index,file,EPI,Start,Stop,epi1,start1,stop1,Valid,New Start,New Stop,comment
0,a_2,HVT,256661,258639,HAS,258640,259809,false,,,Wrong classification
1,a_2,HPE,457313,466699,HVT,466700,470691,true,,,
2,a_2,HPE,826803,829500,HPR,829501,936774,true,,,
3,a_2,HPR,1114462,1121524,HPE,1121525,1141336,true,,,
4,a_2,HPE,1121525,1141336,HVT,1141337,1148379,true,,,
5,a_2,HVT,1141337,1148379,HVF,1148380,1190708,true,,,
6,a_3,HPE,99417,103716,HPR,103717,110767,true,,,
7,a_4,HPE,830238,868873,HPR,868874,930158,true,,,
8,a_4,HPR,868874,930158,HPE,930159,932709,true,,929876,Move transition
9,a_5,HPR,544679,546267,HPE,546268,551925,false,,,DFB
10,a_5,HPE,559509,561993,HPR,561994,567052,true,,,
11,a_5,HPR,724709,727430,HPE,727431,730970,true,,,
12,a_5,HPE,896319,904052,HAS,904053,906357,true,,,
13,a_5,HAS,919595,933966,HPE,933967,950544,true,,,Should start be moved to after the spikes?
14,a_5,HPE,1054024,1056176,HPR,1056177,1087616,true,,,
15,a_5,HPR,1056177,1087616,HPE,1087617,1089810,true,,,
16,a_5,HPE,1182839,1184374,HPR,1184375,1191247,true,,,
17,a_6,HPE,252770,259710,HPR,259711,268480,true,,,
18,a_7,HPE,512278,530616,HVT,530617,541522,true,,,
19,a_7,HVT,551652,574149,HPE,574150,576925,true,,,
20,a_7,HPE,574150,576925,HVT,576926,578957,true,,,
21,a_7,HVT,576926,578957,HPE,578958,1190000,true,,,
22,a_8,HVF,85032,86601,HPE,86602,100873,false,,,No transition
23,a_8,HPE,341771,444787,HVF,444788,467946,true,,,
24,a_8,HPE,469242,471507,HPR,471508,486686,true,,,
25,a_8,HPR,471508,486686,HVT,486687,488208,true,,,
26,a_8,HVT,486687,488208,HPE,488209,525510,true,,,
27,a_8,HPE,488209,525510,HVF,525511,532947,true,,,
28,a_8,HPE,534072,548187,HPR,548188,652481,true,,,
29,a_8,HPR,548188,652481,HVT,652482,666146,true,,,
30,a_9,HVF,665903,670990,HAS,670991,672481,true,,670472,Move transition
31,a_9,HAS,745512,771008,HPE,771009,784371,true,,,
32,a_9,HAS,796466,827311,HPE,827312,872049,true,,825962,Move transition
33,a_9,HPE,827312,872049,HAS,872050,954325,true,,,
34,a_9,HAS,872050,954325,HPE,954326,962500,true,,,
35,a_10,HAS,356515,359591,HPE,359592,363780,true,,,
36,a_10,HPE,484303,503734,HVF,503735,510814,true,,,
37,a_10,HPE,511757,517689,HPR,517690,1500763,true,,,
38,a_11,HVT,376708,381756,HVF,381757,382631,true,,,
39,a_11,HPE,431931,433757,HVF,433758,439519,true,,,
40,a_11,HPE,564255,565987,HVF,565988,568427,false,,,No transition
41,a_11,HPE,732799,739384,HVF,739385,742529,true,,,
42,a_11,HPE,848675,869441,HVF,869442,877512,true,,,
43,a_12,HVF,106070,109243,HPE,109244,129354,true,,,
44,a_12,HPE,249273,263997,HVF,263998,268461,true,,,
45,a_12,HPE,269773,273774,HPR,273775,288571,true,,,
46,a_12,HPR,273775,288571,HPE,288572,292216,true,,,
47,a_12,HPE,322641,332115,HVF,332116,336161,true,,,
48,a_12,HPE,341533,344022,HVF,344023,346402,true,,,
49,a_12,HAS,740435,743868,HVF,743869,749073,true,,,
50,a_12,HAS,1067949,1089349,HVF,1089350,1139221,false,,,Noisy?
51,a_12,HAS,1140252,1335274,HVF,1335275,1390000,false,,,Noisy?
52,a_13,HVF,359160,371231,HVT,371232,388792,true,,,
53,a_13,HVT,397893,402647,HPE,402648,405101,true,,,
54,a_13,HPE,494846,497005,HAS,497006,500292,true,,,
55,a_13,HAS,527610,530352,HVF,530353,538660,false,,,Noisy?
56,a_13,HPE,539764,542641,HPR,542642,555040,true,,,
57,a_13,HPR,542642,555040,HVF,555041,570104,true,,,
58,a_13,HVF,555041,570104,HPE,570105,578219,true,,,
59,a_13,HPE,570105,578219,HPR,578220,625000,true,,,
60,a_14,HPE,555515,557923,HVF,557924,560555,true,,,
61,a_14,HPE,665845,670269,HVF,670270,673302,true,,,
62,a_15,HVF,299294,306723,HPE,306724,326063,true,,,
63,a_17,HPE,1111912,1123744,HAS,1123745,1131059,true,,1123501,Move transition
64,a_17,HPE,1326622,1470080,HAS,1470081,1496568,true,,,
65,a_17,HAS,1470081,1496568,HPE,1496569,1515655,true,,,
66,a_17,HPE,1496569,1515655,HAS,1515656,1536225,true,,,
67,a_18,HPE,412720,414515,HPR,414516,418246,true,,,
68,a_18,HPR,414516,418246,HAS,418247,428067,true,,417999,Move transition
69,a_18,HAS,418247,428067,HPE,428068,429451,true,,,
70,a_18,HPE,580008,873678,HAS,873679,895000,true,,,
71,a_19,HPE,79661,88191,HPR,88192,122118,true,,,
72,a_19,HPR,88192,122118,HVF,122119,139834,true,,,
73,a_19,HPE,141088,143749,HPR,143750,156066,true,,,
74,a_19,HPR,143750,156066,HVF,156067,179137,true,,,
75,a_19,HPE,286557,288506,HPR,288507,297054,true,,,
76,a_19,HPR,288507,297054,HVT,297055,299467,true,,,
77,a_19,HVT,297055,299467,HVF,299468,313733,true,,,
78,a_19,HPE,368109,373891,HPR,373892,388012,true,,,
79,a_19,HPR,373892,388012,HVF,388013,397580,true,,,
80,a_19,HPE,409854,411993,HPR,411994,446061,true,,,
81,a_20,HAS,336016,337737,HPE,337738,350873,true,,,
82,a_20,HAS,447155,449125,HPE,449126,469751,true,,,
83,a_20,HPR,511024,530360,HVF,530361,534473,true,,,
84,a_20,HVF,530361,534473,HVT,534474,536196,true,,,
85,a_20,HPE,537041,539164,HVF,539165,542424,true,,,
86,a_20,HVF,543266,544874,HPR,544875,572502,false,,,No transition
87,a_21,HAS,106330,111250,HPE,111251,112743,true,,111084,Move transition
88,a_21,HPE,321930,324734,HPR,324735,348820,true,,,
89,a_21,HPR,324735,348820,HVT,348821,352895,true,,,
90,a_21,HVT,348821,352895,HVF,352896,355267,true,,,
91,a_21,HPR,548971,640836,HVT,640837,647217,true,,,
92,a_21,HVT,640837,647217,HVF,647218,676376,true,,,
93,a_23,HVF,161017,168832,HAS,168833,170568,true,,,
94,a_23,HAS,168833,170568,HVF,170569,174249,true,,170000,Move transition
95,a_23,HPE,654775,664027,HAS,664028,718760,true,,,
96,a_23,HAS,664028,718760,HVF,718761,737218,true,,,
97,a_23,HAS,819964,824566,HPE,824567,831421,true,,,Should this be cut 1 second earlier? And cut the first 40 seconds?
98,a_23,HPE,824567,831421,HAS,831422,856625,true,,,
99,a_23,HAS,831422,856625,HVT,856626,859695,true,,,
100,a_23,HVT,856626,859695,HVF,859696,874569,true,,,
101,a_24,HAS,321889,323551,HVF,323552,323785,false,,,TODO: Looks weird
102,a_24,HAS,419864,424454,HPE,424455,426329,true,,,
103,a_25,HPE,176678,184134,HVF,184135,190216,true,,,
104,a_25,HPE,217274,225477,HVF,225478,226707,true,,,
105,a_25,HAS,269806,274175,HPE,274176,274333,false,,,Does not look like a transition
106,a_25,HAS,319239,322927,HPE,322928,323031,true,,,
107,a_25,HPE,526582,528980,HVF,528981,533953,true,,,
108,a_25,HPE,535665,540060,HVF,540061,544475,true,,,
109,a_25,HPE,545721,559071,HVF,559072,567072,true,,,
110,a_25,HPE,884253,887761,HAS,887762,891670,true,,,
111,a_26,HVF,265048,266851,HPE,266852,273106,true,,,
112,a_26,HPE,461436,465000,HAS,465001,466542,true,,,
113,a_26,HPE,762987,804143,HAS,804144,855402,true,,,
114,a_27,HPE,254655,260410,HPR,260411,281685,true,,,
115,a_27,HPE,393968,401966,HVT,401967,402713,true,,,
116,a_27,HAS,761003,762543,HVF,762544,787451,False,,,Too small if corrected transition
117,a_27,HAS,889300,898741,HVT,898742,898887,true,,897563,Move transition
118,a_27,HPE,914678,916637,HVF,916638,920508,true,,,
119,a_27,HAS,921487,929425,HPE,929426,930694,true,,,
120,a_28,HVT,283437,287715,HVF,287716,291922,true,,,
121,a_29,HPE,39108,42369,HAS,42370,48400,true,,,
122,a_29,HAS,42370,48400,HVF,48401,61798,true,,48315,Move transition
123,a_30,HAS,61625,65904,HPE,65905,65906,false,,,Wrong transition
124,a_30,HPE,649227,651408,HPR,651409,669986,true,,,
125,a_31,HVF,84161,89252,HVT,89253,93862,false,,,No transition
126,a_32,HPR,358361,364661,HPE,364662,390452,true,,,
127,a_32,HPE,558403,560438,HPR,560439,604174,true,,,
128,a_32,HPR,639292,640904,HPE,640905,642520,true,,,
129,a_32,HPE,970056,975769,HAS,975770,983809,true,,,
130,a_33,HAS,174561,176645,HPE,176646,178841,false,,,No transition
131,a_34,HPE,198062,208850,HPR,208851,316074,true,,,
132,a_34,HPR,208851,316074,HVF,316075,317503,true,,,
133,a_34,HPR,427193,657634,HPE,657635,677966,true,,,
134,a_34,HPE,657635,677966,HVF,677967,678282,false,,,No transition
135,a_34,HPR,680403,698269,HPE,698270,711715,true,,,
136,a_34,HPE,698270,711715,HPR,711716,728865,true,,,
137,a_34,HPR,711716,728865,HVT,728866,735278,true,,,
138,a_34,HVT,728866,735278,HVF,735279,741778,true,,,
139,a_34,HPE,742924,747478,HPR,747479,947897,true,,,
140,a_34,HPR,747479,947897,HVT,947898,964794,true,,,
141,a_35,HPR,241188,248030,HPE,248031,256332,true,,,
142,a_35,HPR,529187,597760,HVT,597761,608088,true,,,
143,a_35,HVT,597761,608088,HPR,608089,1044540,true,,,
144,a_36,HAS,1675,5526,HPE,5527,5670,false,,,Wrong transition
145,a_36,HPR,34889,39782,HVF,39783,46410,true,,,
146,a_37,HVF,253254,256270,HAS,256271,260123,false,,,Contains DFB
147,a_38,HPR,292521,429004,HVF,429005,436762,true,,,
148,a_38,HPR,438186,448921,HVF,448922,454807,true,,,
149,a_38,HPR,456014,462131,HVF,462132,468007,true,,,
150,a_38,HPR,469088,471806,HVF,471807,476289,true,,,
151,a_38,HPR,477403,482546,HVF,482547,486941,true,,,
152,a_38,HPR,488036,592383,HVF,592384,600572,true,,,
153,a_38,HPR,601888,630402,HVF,630403,637371,true,,,
154,a_38,HPE,638298,640132,HVF,640133,645678,true,,,
155,a_38,HPR,646641,654094,HVF,654095,659878,true,,,
156,a_38,HPR,661195,680134,HVF,680135,696202,true,,,
157,a_38,HPR,697082,707911,HVF,707912,716820,true,,,
158,a_38,HPE,857204,863593,HVF,863594,868604,true,,,
159,a_38,HVT,869894,875717,HPE,875718,878708,true,,,
160,a_38,HPE,875718,878708,HVT,878709,880045,true,,,
161,a_38,HVT,996817,1001987,HPE,1001988,1023989,true,,,
162,a_38,HPE,1001988,1023989,HVT,1023990,1026600,true,,,
163,a_38,HVT,1023990,1026600,HVF,1026601,1033894,true,,,
164,a_38,HPE,1034994,1045892,HVF,1045893,1280427,true,,,
165,a_39,HPE,230115,236316,HVF,236317,240490,true,,,
166,a_39,HAS,449588,451841,HVF,451842,454179,true,,,TODO: Maybe?
167,a_39,HAS,1135130,1136851,HVF,1136852,1139325,true,,,TODO: Maybe?
168,a_41,HAS,159549,161660,HVF,161661,162430,true,,,
169,a_41,HPR,318998,337867,HVF,337868,343990,true,,,
170,a_41,HPR,450911,517821,HVF,517822,522727,true,,,
171,a_42,HAS,478033,479981,HVF,479982,486792,true,,479929,Move transition
172,a_42,HAS,609789,618815,HVF,618816,633798,true,,,
173,a_42,HPE,635529,701011,HVF,701012,860000,true,,,
174,a_43,HPR,338499,555368,HPE,555369,584743,true,,,
175,a_43,HPE,555369,584743,HPR,584744,1262081,true,,,
176,l_44,HVF,9485,20654,HAS,20655,56058,true,,,
177,l_44,HPE,86582,104271,HAS,104272,107037,true,,,
178,l_44,HAS,109622,111200,HPE,111201,118251,true,,,
179,l_44,HPE,111201,118251,HAS,118252,139407,true,,,
180,l_44,HAS,141967,151645,HPE,151646,190886,false,,,No transition
181,l_44,HVF,470677,472235,HAS,472236,472706,false,,,No/Wrong transition
182,l_44,HPE,589927,595839,HVF,595840,695310,true,,,
183,l_45,HPE,5136,15398,HVF,15399,27634,true,,,
184,l_45,HPE,108427,111802,HVF,111803,118070,true,,,
185,l_45,HVF,118912,121109,HPE,121110,135645,true,,,
186,l_45,HVF,173002,180272,HPE,180273,181143,true,,,
187,l_45,HPE,189311,192985,HVT,192986,201229,true,,,
188,l_46,HVF,34794,39953,HAS,39954,42259,true,,,
189,l_47,HAS,41227,48980,HVF,48981,49087,false,,,TODO: Don't think it should be valid
190,l_47,HAS,102037,103733,HPE,103734,105315,false,,,No transition
191,l_48,HAS,701,12365,HPE,12366,19949,true,,11292,Move transition
192,l_48,HPE,285980,287558,HPR,287559,306365,true,,,
193,l_48,HPR,287559,306365,HVF,306366,312505,true,,,
194,l_49,HAS,8485,14104,HVF,14105,31866,true,,,
195,l_49,HAS,112280,118324,HVF,118325,127845,true,,,
196,l_50,HAS,123390,139782,HPE,139783,174962,true,,,
197,l_50,HPE,358568,364276,HVT,364277,383859,true,,,
198,l_50,HVT,364277,383859,HVF,383860,385245,true,,,
199,l_50,HPE,386325,391434,HVF,391435,396696,true,,,
200,l_50,HPE,408838,411794,HVF,411795,424077,true,,,
201,l_53,HAS,26142,27886,HVF,27887,36290,true,,,
202,l_54,HAS,7760,13243,HPE,13244,24297,true,,,
203,l_54,HPE,61717,121780,HVF,121781,143080,true,,,
204,l_55,HAS,54167,62256,HVF,62257,65157,true,,,
205,l_55,HVF,69121,71422,HPE,71423,87651,true,,,
206,l_55,HPE,231577,246839,HAS,246840,299827,true,,,
207,l_55,HAS,462045,476926,HPE,476927,490160,true,,,
208,l_56,HAS,49455,59428,HVF,59429,62601,true,,,
209,l_56,HAS,127526,133604,HVF,133605,139003,true,,,
210,l_59,HPR,238,161470,HPE,161471,185612,true,,,
211,l_60,HAS,199064,205449,HVF,205450,216098,true,,,
212,l_60,HVF,205450,216098,HAS,216099,231876,true,,,
213,l_61,HAS,675391,677018,HPE,677019,680539,false,,,Not AS
214,l_61,HVT,751628,761963,HPE,761964,763962,true,,,
215,l_61,HPE,764805,772280,HAS,772281,782100,true,,,
216,l_62,HAS,238790,259893,HVF,259894,317068,false,,,Wrong transition
217,l_63,HAS,367877,373609,HVF,373610,387500,false,,,Wrong transition
218,l_63,HAS,504246,513511,HVF,513512,546490,true,,,
219,l_63,HAS,581894,600497,HVT,600498,633536,false,,,Not AS
220,l_63,HVT,699650,704679,HVF,704680,711356,true,,,
221,l_63,HVF,798604,804317,HAS,804318,807475,true,,,
222,l_63,HPE,866708,870567,HVF,870568,888700,true,,,
223,l_64,HPE,141233,148734,HAS,148735,167773,true,,,
224,l_64,HAS,434102,438784,HPE,438785,445045,false,,,Not AS
225,l_65,HPE,589877,605528,HVF,605529,622954,true,,,
226,l_65,HPE,624335,627303,HVF,627304,636095,true,,,
227,l_66,HPE,56634,61476,HVF,61477,67765,true,,,
228,l_66,HPE,128931,145652,HAS,145653,161023,true,,,
229,l_66,HPE,216465,219636,HVF,219637,222128,true,,,
230,l_66,HVF,219637,222128,HPE,222129,226894,true,,,
231,l_66,HPE,227718,238942,HAS,238943,251591,true,,,
232,l_66,HAS,252432,263749,HPE,263750,276056,true,,,
233,l_66,HPE,300505,302266,HVF,302267,308508,true,,,
234,l_66,HVF,328276,336390,HPE,336391,339711,true,,,
235,l_66,HPE,553659,556603,HPR,556604,559801,true,,,
236,l_66,HPR,569506,583412,HVF,583413,615788,true,,,
237,l_66,HPR,630017,670349,HVF,670350,679586,true,,,
238,l_66,HVF,670350,679586,HPE,679587,694452,true,,,
239,l_66,HVF,795946,798699,HPR,798700,813210,true,,,
240,l_66,HPR,798700,813210,HVF,813211,864443,true,,,
241,l_66,HPR,866460,877980,HVT,877981,885656,true,,,
242,l_66,HVT,889293,894081,HPR,894082,899272,true,,,
243,l_66,HPR,1046663,1056524,HVF,1056525,1077202,true,,,
244,l_66,HPE,1123790,1125909,HPR,1125910,1138113,true,,,
245,l_66,HPR,1283690,1289355,HVF,1289356,1301359,true,,,
246,l_67,HAS,40470,42860,HVF,42861,50943,false,,,No transition
247,l_67,HAS,64119,66316,HVF,66317,74271,true,,,
248,l_67,HPE,75724,98460,HVF,98461,138403,true,,,
249,l_71,HVF,238056,243806,HPE,243807,248828,true,,,
250,l_71,HAS,381891,384123,HPE,384124,384709,true,,,
251,l_71,HPE,941041,960528,HAS,960529,1005904,false,,,No transition
252,s_72,HAS,8180,16545,HPE,16546,27201,true,,,
253,s_72,HPE,57690,59476,HPR,59477,675967,true,,,
254,s_73,HPE,117427,128939,HPR,128940,162038,true,,,
255,s_73,HPR,196408,266337,HVF,266338,278381,true,,,
256,s_74,HVF,2354,3940,HPE,3941,12525,true,,,
257,s_74,HPE,680951,686555,HAS,686556,693912,false,,,No transition
258,s_75,HPE,528574,537515,HVF,537516,550134,true,,,
259,s_75,HVF,733907,735537,HPE,735538,750144,true,,,
260,s_75,HVF,790187,800397,HPE,800398,805139,true,,,
261,s_76,HVF,1729,3391,HPE,3392,10347,true,,,
262,s_76,HPE,3392,10347,HVF,10348,12216,true,,,
263,s_76,HVF,123499,125249,HAS,125250,134427,true,,,
264,s_76,HPR,334865,383512,HVF,383513,403934,true,,,
265,s_77,HVF,21660,23881,HAS,23882,35965,true,,,
266,s_77,HAS,44060,46988,HVF,46989,47557,true,,,
267,s_77,HVF,102385,104203,HAS,104204,118831,true,,,
268,s_77,HVF,289060,291195,HPE,291196,295545,true,,,
269,s_77,HPE,291196,295545,HAS,295546,298296,true,,294487,Move transition
270,s_77,HAS,324504,336479,HVF,336480,349479,true,,,
271,s_78,HVF,24387,26012,HAS,26013,34745,true,,,
272,s_78,HPE,524511,541466,HPR,541467,573630,true,,,
273,s_79,HPE,62666,64226,HPR,64227,71244,true,,,
274,s_79,HPR,195228,220447,HPE,220448,222336,true,,,
275,s_79,HPE,776364,777949,HVF,777950,781438,true,,,
276,s_79,HVF,777950,781438,HPE,781439,782639,true,,,
277,s_79,HVF,782640,793420,HPE,793421,795225,true,,,
278,s_79,HPE,914673,919521,HVF,919522,945490,true,,,
279,s_80,HPE,294645,296540,HPR,296541,394141,true,,,
280,s_81,HPR,356093,395867,HVF,395868,409538,true,,,
281,s_81,HPE,410870,421013,HPR,421014,581870,true,,,
282,s_81,HPR,421014,581870,HVF,581871,656028,true,,,
283,s_81,HVF,656869,660868,HPE,660869,685637,true,,,
284,s_81,HPE,760839,790634,HVF,790635,801699,true,,,
285,s_81,HPR,803741,834818,HVF,834819,862093,true,,,
286,s_81,HVF,862934,865793,HPE,865794,897963,true,,,
287,s_81,HPE,913331,919312,HVF,919313,945268,true,,,
288,s_81,HPE,988543,994879,HVF,994880,1009208,true,,,
289,s_82,HAS,262501,264786,HVF,264787,280007,true,,,
290,s_82,HPE,424167,427487,HVF,427488,427753,true,425218,,Move start
291,s_82,HPE,516655,522906,HVF,522907,535253,true,,,
292,s_82,HPE,536095,541086,HVF,541087,548409,true,,,
293,s_82,HPR,549250,560290,HVF,560291,572812,true,,,
294,s_83,HPE,52779,71838,HAS,71839,73620,true,,,
295,s_83,HAS,94876,104138,HPE,104139,115339,true,,,
296,s_83,HAS,537992,543474,HPE,543475,543695,true,,543386,Move transition
297,s_83,HAS,575901,578596,HPE,578597,590453,true,,,
298,s_83,HAS,669910,672912,HPE,672913,677505,true,,,
299,s_83,HAS,901488,923626,HVF,923627,941531,true,,,
300,s_84,HAS,1298,11340,HPE,11341,37440,true,,,
301,s_84,HPE,11341,37440,HVF,37441,75908,true,,,
302,s_84,HVF,37441,75908,HAS,75909,78310,false,,,Contains DFB
303,s_84,HAS,75909,78310,HPE,78311,118866,true,,,
304,s_84,HPE,78311,118866,HVF,118867,135433,true,,,
305,s_84,HVF,118867,135433,HPE,135434,151772,false,,,Contains DFB
306,s_84,HPE,135434,151772,HVF,151773,191318,true,,,
307,s_84,HPE,236352,240701,HPR,240702,283459,true,,,
308,s_84,HPR,288132,355694,HVF,355695,455500,true,,,
309,s_86,HAS,2013,23118,HVF,23119,24398,true,,,
310,s_86,HAS,58707,72526,HVF,72527,73109,true,,,
311,s_87,HAS,1064,6796,HVF,6797,38178,true,,,
312,s_87,HVF,6797,38178,HPE,38179,54301,false,,,Contains DFB
313,s_87,HAS,91798,98578,HVF,98579,100865,true,,98537,Move transition
314,s_88,HAS,1,10118,HPE,10119,26966,true,,,
315,s_88,HVF,439904,441545,HPE,441546,460539,false,,,Wrong transition
316,s_89,HAS,145532,149003,HVF,149004,156877,true,,153203,Move transition
317,s_90,HAS,171579,173277,HVF,173278,173695,true,,,
318,s_90,HPE,276539,278985,HVF,278986,286909,true,,278705,Move transition
319,s_90,HPE,288363,326427,HVF,326428,424434,true,,,
320,s_91,HAS,108358,115857,HPE,115858,120382,true,,,
321,s_91,HPE,171415,175865,HVF,175866,177005,true,,175674,Move transition
322,s_92,HPE,131369,134596,HPR,134597,158132,true,,,
323,s_92,HPR,306737,333774,HVF,333775,343201,true,,,
324,s_94,HAS,25127,30271,HVF,30272,36044,true,,30229,Move transition
325,s_95,HAS,1399,17323,HVF,17324,62395,false,,,Wrong/No transition
326,s_95,HVF,17324,62395,HAS,62396,75117,false,,,Contains DFB
327,s_95,HAS,62396,75117,HVF,75118,124773,false,,,Wrong/No transition
328,s_95,HVF,75118,124773,HAS,124774,165573,false,,,Contains DFB
329,s_95,HAS,124774,165573,HPE,165574,224416,false,,,Hard to see true transition
330,s_95,HPE,165574,224416,HVF,224417,282687,true,,,
331,s_95,HVF,224417,282687,HVT,282688,292544,false,,,Contains DFB
332,s_95,HPE,401165,403893,HVT,403894,415135,false,,,No transition
333,s_95,HAS,874819,876684,HPE,876685,879078,true,,,
334,s_97,HVF,283294,290656,HPE,290657,292250,true,,,
335,s_101,HVF,183428,185322,HPE,185323,188789,true,,,
336,s_101,HPE,185323,188789,HVF,188790,193867,true,,,
337,s_101,HVF,194708,196435,HAS,196436,208804,true,,,
338,s_101,HAS,329305,364873,HVF,364874,377751,true,,,
339,s_103,HVF,149571,161522,HAS,161523,167070,true,,,
340,s_103,HAS,198310,206087,HVF,206088,207324,true,,,
341,s_103,HAS,250466,255489,HVF,255490,258846,true,,254996,Move transition
342,s_103,HVF,255490,258846,HAS,258847,263332,true,,,
343,s_103,HAS,311763,315317,HPE,315318,331687,true,,,
344,s_103,HVF,413712,415982,HAS,415983,417540,true,,,
345,s_103,HPE,468845,471853,HAS,471854,478448,true,,,
346,s_103,HAS,471854,478448,HVF,478449,479126,true,,478413,Move transition
347,s_103,HAS,604390,631522,HVF,631523,652500,true,,631458,Move transition
348,s_104,HPE,54419,56109,HVF,56110,59014,true,,56178,Move transition
349,s_104,HAS,145762,156338,HPE,156339,159950,true,,,Not sure
350,s_105,HVF,483310,494839,HPE,494840,498908,false,,,Contains DFB
351,s_105,HPE,494840,498908,HPR,498909,977960,true,,,
352,s_106,HPE,102694,108516,HPR,108517,117458,true,,,
353,s_106,HPR,163116,167001,HPE,167002,172289,true,,,
354,s_106,HVT,203373,206931,HVF,206932,219211,true,,,
355,s_106,HVF,206932,219211,HPE,219212,244054,false,,,Contains DFB
356,s_106,HPE,356522,358194,HPR,358195,360493,true,,,
357,s_106,HVF,412048,414082,HVT,414083,424097,false,,,No transition
358,s_106,HVT,414083,424097,HPE,424098,436053,false,,,Contains DFB
359,a_148,HPE,186,98797,HPR,98798,311660,true,,,
360,a_148,HPR,98798,311660,HPE,311661,344946,true,,,
361,a_150,HAS,213064,215004,HPE,215005,216661,true,,,
362,a_150,HPE,310595,340228,HPR,340229,375503,true,,,
363,a_150,HPR,340229,375503,HPE,375504,411333,true,,,
364,a_150,HPE,512009,513629,HPR,513630,525148,true,,,
365,a_150,HPR,513630,525148,HPE,525149,541020,true,,,
366,a_150,HPE,676343,788746,HVF,788747,835734,true,,,
367,a_151,HAS,99286,103834,HPE,103835,136430,false,,,Contains DFB
368,a_151,HPE,792547,833773,HAS,833774,848225,true,,,
369,a_151,HAS,833774,848225,HPE,848226,912869,true,,,
370,a_151,HPE,848226,912869,HAS,912870,924651,true,,,
371,a_151,HAS,912870,924651,HPE,924652,968006,true,,,
372,a_151,HPE,924652,968006,HAS,968007,994444,true,,,
373,a_151,HAS,968007,994444,HPE,994445,1048436,true,,,
374,a_151,HPE,994445,1048436,HAS,1048437,1060000,true,,,
375,a_153,HPE,799428,926983,HAS,926984,1024358,true,,,
376,a_153,HAS,926984,1024358,HPE,1024359,1084579,true,,,
377,a_153,HPE,1024359,1084579,HAS,1084580,1128561,true,,,
378,a_155,HVF,1405343,1449002,HAS,1449003,1537500,true,,,
379,a_157,HVF,87543,89852,HPE,89853,91571,true,,,
380,a_162,HAS,3276,7895,HPE,7896,7912,false,,,Wrong transition
381,a_164,HVF,63107,66470,HVT,66471,67543,true,,,
382,a_164,HVT,117320,127099,HVF,127100,132843,true,,,
383,a_166,HPE,351252,354024,HPR,354025,371002,true,,,
384,a_166,HPR,522588,525882,HPE,525883,529025,true,,,
385,a_166,HPE,1534324,1548979,HAS,1548980,1554484,true,,,
386,a_170,HPR,111,227650,HVT,227651,277287,true,,,
387,a_172,HPR,1,132956,HPE,132957,184587,true,,,
388,a_172,HPE,132957,184587,HAS,184588,199166,true,,,
389,a_172,HAS,184588,199166,HPE,199167,209465,true,,,
390,a_172,HPE,669044,689620,HVF,689621,692531,true,,,
391,a_172,HVF,689621,692531,HVT,692532,698519,true,,,
392,a_173,HPE,430219,439164,HVT,439165,455774,true,,,
393,a_173,HAS,1078191,1086532,HPR,1086533,1090239,true,,,
394,a_173,HPR,1086533,1090239,HPE,1090240,1110726,true,,,
395,a_173,HPE,1090240,1110726,HVF,1110727,1170000,true,,,
396,a_176,HAS,272120,274291,HPE,274292,278701,true,,,
397,a_176,HPR,439599,578931,HVF,578932,594166,true,,,
398,a_179,HPR,520404,523543,HAS,523544,534981,true,,,
399,a_179,HPE,622585,625752,HPR,625753,641409,true,,,
400,a_179,HPR,625753,641409,HPE,641410,644140,true,,,
401,a_181,HAS,889491,896242,HPE,896243,897031,true,,,
402,a_182,HPE,642808,647583,HAS,647584,667744,true,,,
403,a_182,HAS,647584,667744,HPE,667745,688753,true,,,
404,a_182,HPE,667745,688753,HAS,688754,721060,true,,,
405,a_182,HAS,688754,721060,HPE,721061,742423,true,,,
406,a_182,HPE,721061,742423,HAS,742424,760000,true,,,
407,a_183,HAS,61414,82191,HPE,82192,88626,true,,,
408,a_183,HPE,338271,339969,HPR,339970,340964,true,,,
409,a_189,HPE,75291,77662,HAS,77663,104902,false,,,No transition
410,a_189,HAS,77663,104902,HPE,104903,117015,true,,104790,Move transition
411,a_189,HPE,104903,117015,HAS,117016,134107,true,,,
412,a_189,HPE,140591,143730,HAS,143731,164203,true,,,
413,a_189,HPE,296557,307112,HAS,307113,310814,true,,,
414,a_189,HPE,530128,537219,HAS,537220,540668,true,,,
415,a_191,HPE,201011,203907,HPR,203908,741737,true,,,
416,l_192,HVF,203347,237906,HPE,237907,257999,true,,,
417,l_192,HPE,378053,382961,HPR,382962,722521,true,,,
418,l_193,HPE,106943,159495,HAS,159496,166852,true,,,
419,l_193,HAS,310806,313538,HPE,313539,345000,false,,,No/wrong transition
420,l_194,HPE,1,21067,HAS,21068,27278,true,,,
421,l_194,HPE,46825,60266,HAS,60267,61690,true,,,
422,l_194,HPE,467353,632609,HAS,632610,832361,false,,,No transition
423,l_196,HAS,307674,316577,HPE,316578,358198,false,,,Wrong transition
424,l_196,HPE,380127,386610,HAS,386611,389065,true,,,
425,l_197,HAS,261736,264892,HPE,264893,272010,true,,,
426,l_198,HAS,244545,260382,HPE,260383,260543,false,,,Wrong transition
427,l_198,HPE,325298,328273,HPR,328274,328525,false,,,No transition
428,l_199,HPE,344,20867,HAS,20868,27278,true,,,
429,l_199,HPE,46825,59890,HAS,59891,61690,true,,,
430,l_199,HPE,467353,676944,HAS,676945,686756,true,,,
431,l_199,HAS,676945,686756,HPE,686757,697512,true,,,
432,l_199,HPE,686757,697512,HAS,697513,709393,true,,,
433,l_199,HAS,697513,709393,HPE,709394,721845,true,,,Not sure/Noisy
434,l_199,HPE,709394,721845,HAS,721846,733000,true,,,
435,l_199,HAS,721846,733000,HPE,733001,832361,true,,,
436,l_200,HAS,238220,245507,HVF,245508,246288,true,,,TODO: Looks weird
437,l_200,HVF,324163,327875,HAS,327876,330858,true,,,
438,l_202,HPE,19905,21582,HAS,21583,75832,false,,,Noisy
439,l_205,HPE,297759,308700,HAS,308701,342791,true,,,
440,l_208,HPE,150798,154555,HPR,154556,162078,true,,,
441,l_208,HPR,154556,162078,HPE,162079,163917,true,,,
442,l_208,HPE,202250,205732,HPR,205733,212779,true,,,
443,l_208,HPR,205733,212779,HPE,212780,214501,true,,,
444,l_208,HPR,422978,426164,HPE,426165,431520,true,,,
445,l_211,HPE,396154,408848,HPR,408849,417203,true,,,
446,l_214,HPE,168605,176450,HAS,176451,237500,false,,,Noisy
447,l_216,HAS,161136,171422,HVF,171423,176110,true,,,
448,l_217,HPE,518198,596275,HPR,596276,625492,true,,,
449,l_218,HPE,221566,225009,HPR,225010,448747,true,,,
450,l_220,HAS,14927,19916,HVF,19917,34614,true,,,
451,l_220,HAS,107677,111862,HVF,111863,119113,true,,,
452,l_220,HAS,743768,746237,HVF,746238,757119,true,,,TODO: Looks weird
453,l_220,HAS,802863,810473,HVF,810474,824211,true,,810106,New transition
454,l_220,HAS,825522,829801,HVF,829802,839109,false,,,Looks wrong
455,l_226,HAS,1429,11550,HVF,11551,64925,true,,11296,New transition
456,l_226,HVF,11551,64925,HAS,64926,82723,false,,,Contains DFB
457,l_226,HAS,64926,82723,HVF,82724,131752,true,,82615,New transition
458,l_226,HAS,228543,238003,HPE,238004,242822,true,,,
459,l_226,HAS,342975,347221,HVF,347222,354814,true,,346832,New transition
460,l_226,HAS,423140,426787,HVT,426788,429317,true,,426043,Move transition
461,l_226,HVT,426788,429317,HVF,429318,459222,true,,,
462,l_226,HAS,523712,531006,HVF,531007,541107,true,,530578,Move transition
463,s_234,HPE,92008,94145,HAS,94146,104405,true,,,
464,s_234,HAS,185636,187567,HPE,187568,199448,true,,,
465,s_234,HPE,279576,282552,HPR,282553,297452,true,,,
466,s_234,HPR,557563,560631,HPE,560632,574259,true,,,
467,s_245,HAS,234518,238267,HPE,238268,248315,true,,,
468,s_245,HPE,364178,373391,HVF,373392,376047,true,,,
469,s_245,HAS,580736,584781,HPE,584782,602447,true,,,
470,s_247,HAS,198373,208810,HPE,208811,226916,true,202740,,Move start
471,s_247,HPE,242622,244245,HPR,244246,246613,true,,,
472,s_250,HVF,772394,773929,HAS,773930,778749,true,,,
473,s_253,HAS,153882,161403,HPE,161404,176294,true,,,
474,s_253,HPE,201063,208222,HPR,208223,252863,true,,,
475,s_256,HPE,198860,209165,HAS,209166,211258,true,,,
476,s_257,HAS,151636,153750,HVF,153751,159207,true,,,
477,s_257,HVF,162350,163879,HAS,163880,167902,true,,,
478,s_258,HPE,179597,182355,HAS,182356,186928,true,,,
479,s_258,HPR,259677,397006,HPE,397007,488866,true,,,
480,s_259,HPE,283618,328000,HVF,328001,361606,true,,,
481,s_259,HPE,363104,383365,HVF,383366,395892,true,,,
482,s_259,HPE,397021,399809,HPR,399810,466017,true,,,
483,s_267,HVF,44110,47151,HPE,47152,50216,true,,,
484,s_267,HPE,382347,391151,HPR,391152,405126,true,,,
485,s_267,HPR,687348,689891,HPE,689892,715893,true,,,
486,s_267,HPE,733507,736332,HAS,736333,743318,true,,,
487,a_270,HAS,361802,371586,HPE,371587,418426,true,,,
488,a_270,HPE,371587,418426,HVF,418427,453869,true,,,
489,a_270,HVF,418427,453869,HAS,453870,529971,true,,,
490,a_270,HAS,453870,529971,HPE,529972,570911,true,,,
491,a_270,HPE,529972,570911,HAS,570912,617982,true,,,
492,a_271,HPE,342632,350673,HVF,350674,359840,true,,,
493,a_271,HPE,691186,698077,HVF,698078,702614,true,,,
494,a_271,HPE,703790,720964,HAS,720965,725204,true,,,
495,a_271,HPE,814154,818977,HPR,818978,841097,true,,,
496,a_271,HPR,818978,841097,HVT,841098,850657,true,,,
497,a_272,HVT,520478,532287,HPR,532288,810150,true,,,
498,a_275,HPE,300494,315420,HVF,315421,319418,true,,,
499,a_275,HPE,530640,532321,HPR,532322,557730,true,,,
500,a_276,HPR,1,232630,HPE,232631,238215,true,,,
501,a_276,HPE,232631,238215,HAS,238216,255833,true,,,
502,a_276,HAS,308622,321818,HPR,321819,344029,true,,,
503,a_276,HPR,321819,344029,HAS,344030,353297,true,,,
504,a_276,HAS,344030,353297,HPE,353298,362479,true,,,
505,a_278,HPR,341506,398706,HPE,398707,418796,true,,,
506,a_279,HPE,202921,207929,HPR,207930,264807,true,,,
507,a_281,HPE,1,119133,HAS,119134,126799,true,,,
508,a_281,HAS,119134,126799,HPE,126800,139898,true,,,
509,a_281,HPE,387584,400505,HPR,400506,595166,true,,,
510,a_282,HAS,16335,19694,HVF,19695,20897,true,,19494,Move transition
511,a_282,HPE,97861,104538,HVF,104539,106778,true,,,
512,a_282,HPE,217113,220593,HVF,220594,227187,true,,,
513,a_287,HAS,115055,117845,HVF,117846,118494,true,,,Maybe. noisy
514,a_287,HPE,345244,358595,HPR,358596,498540,true,,,
515,a_287,HPR,691812,694192,HVF,694193,699665,true,,,
516,a_288,HPE,126743,149739,HVF,149740,162185,true,,,
517,a_288,HPR,858929,874643,HAS,874644,883930,true,,874205,Move transition
518,a_288,HPE,1022544,1027937,HPR,1027938,1065954,true,,,
519,a_288,HPR,1027938,1065954,HAS,1065955,1068858,true,,,
520,a_288,HAS,1107311,1111116,HPR,1111117,1134811,false,,,No transition
521,a_288,HPR,1111117,1134811,HPE,1134812,1138278,true,,,
522,a_288,HPE,1176530,1193613,HPR,1193614,1214814,true,,,
523,a_288,HPR,1193614,1214814,HAS,1214815,1217929,true,,,
524,a_288,HAS,1214815,1217929,HPE,1217930,1231318,true,,,
525,a_288,HPE,1217930,1231318,HPR,1231319,1251731,true,,,
526,a_290,HPE,261819,264539,HPR,264540,447065,true,,,
527,a_290,HPR,264540,447065,HVF,447066,499658,true,,,
528,a_291,HAS,150860,155737,HPE,155738,156355,true,,,
529,a_291,HAS,475675,481739,HPE,481740,483024,true,,,
530,a_291,HAS,702127,704115,HPE,704116,706981,true,,,
531,a_292,HPE,431223,441100,HVF,441101,450834,true,,,
532,a_292,HPE,452138,457203,HPR,457204,1254105,true,,,
533,a_295,HAS,318427,322946,HVF,322947,328871,true,,322630,Move transition
534,a_297,HAS,110254,118069,HPE,118070,144165,true,,,
535,a_297,HPE,327240,333024,HVF,333025,333673,true,,,
536,a_297,HPE,605419,609901,HVF,609902,622724,true,,,
537,a_298,HVF,109320,114584,HPE,114585,138063,true,,,
538,a_298,HAS,163192,170103,HPE,170104,170186,false,,,No/wrong transition
539,a_298,HPE,239269,242307,HPR,242308,789455,true,,,
540,a_299,HVF,1043451,1066985,HPE,1066986,1230000,true,,,
541,a_300,HVF,362831,365681,HAS,365682,371357,true,,,
542,a_301,HAS,388229,389942,HPE,389943,396820,true,,,
543,a_302,HAS,55267,57858,HVF,57859,59954,true,,57658,Move transition
544,a_302,HPR,241555,265979,HVF,265980,272035,true,,,
545,a_306,HPR,1323262,1331943,HVT,1331944,1336004,true,,,
546,a_306,HPR,1337421,1341870,HVT,1341871,1347828,true,,,
547,a_306,HPR,1419342,1440448,HVT,1440449,1449829,true,,,
548,a_306,HPR,1451138,1494123,HVT,1494124,1505486,true,,,
549,a_306,HPR,1506757,1541131,HVT,1541132,1551173,true,,,
550,l_311,HPE,116604,118873,HPR,118874,121652,true,,,
551,l_313,HAS,227030,230006,HPE,230007,261800,false,,,Wrong transition
552,l_313,HPE,469129,473144,HAS,473145,476193,true,,,
553,l_313,HPE,552508,572924,HVF,572925,575566,true,,,
554,l_313,HPE,608665,611212,HAS,611213,615250,false,,,Not long enough
555,l_313,HVF,890890,894717,HPE,894718,901611,true,,,
556,l_313,HAS,991034,996717,HVF,996718,1001916,true,,,
557,l_313,HPE,1113738,1118690,HVF,1118691,1126717,true,,,
558,l_313,HAS,1172472,1179264,HVT,1179265,1181368,true,,1179033,New transition
559,l_315,HAS,38374,39949,HPE,39950,43689,true,,,Not sure
560,l_318,HPE,204327,215790,HVF,215791,229913,true,,,
561,l_318,HPE,231120,235079,HVF,235080,278964,true,,,
562,l_319,HAS,310533,333291,HPE,333292,368083,true,,,
563,l_319,HPE,333292,368083,HAS,368084,372548,false,,,Wrong transition
564,l_319,HAS,576454,581574,HPE,581575,584371,true,,581527,Move transition
565,l_320,HPE,109520,124320,HAS,124321,138269,true,,,
566,l_320,HPE,361075,362756,HPR,362757,377155,true,,,
567,l_321,HPR,311521,329130,HVF,329131,341795,true,,,
568,l_321,HPR,343484,349566,HVF,349567,367096,true,,,
569,l_321,HPR,368614,570270,HVT,570271,575193,true,,,
570,l_322,HAS,68867,70692,HPE,70693,73314,true,,,
571,l_322,HAS,303834,307410,HVF,307411,310509,true,,306741,Move transition
572,l_322,HAS,316769,321325,HPE,321326,331190,true,,,
573,l_322,HAS,676982,682480,HPE,682481,689533,true,,,
574,l_323,HAS,14974,23736,HPE,23737,26098,true,,,
575,l_323,HAS,120731,125563,HVF,125564,134223,true,,,TODO: Noisy?
576,l_326,HAS,92864,95786,HVF,95787,99331,true,,,
577,l_326,HAS,124768,130130,HVF,130131,132980,true,,128262,Move transition
578,l_326,HAS,334013,338946,HVF,338947,344522,true,,,
579,l_327,HAS,423780,484958,HPE,484959,563822,false,,,Wrong/Noisy?
580,l_327,HPE,484959,563822,HPR,563823,582028,false,,,Noisy/No transition?
581,l_327,HPR,563823,582028,HPE,582029,633918,true,,,
582,l_328,HPE,706011,710623,HPR,710624,712974,true,,,
583,l_331,HAS,725350,732287,HPE,732288,747348,true,,,
584,l_332,HPE,290736,294468,HVF,294469,309578,true,,,
585,l_332,HPR,392441,404929,HVF,404930,410351,true,,,
586,l_332,HPE,429037,431428,HVT,431429,441297,true,,,
587,l_332,HAS,442794,447049,HPE,447050,460500,true,,,
588,l_332,HPE,682002,685694,HVF,685695,694816,true,,,
589,l_333,HPE,253464,255923,HAS,255924,262789,true,,,
590,l_333,HPE,651688,653830,HPR,653831,666787,true,,,
591,l_334,HPE,83939,87678,HAS,87679,101993,true,,,
592,l_334,HPE,121999,124380,HAS,124381,131104,true,,,
593,l_334,HPE,265674,283229,HAS,283230,283961,false,,,Wrong classification
594,l_334,HAS,288285,311272,HPE,311273,325933,true,,,
595,l_334,HPE,311273,325933,HAS,325934,347597,true,,,
596,l_334,HAS,359383,379918,HPE,379919,389455,true,,,
597,l_334,HPE,379919,389455,HAS,389456,420716,true,,,
598,l_334,HAS,684865,698622,HPE,698623,707500,true,,,
599,l_335,HAS,202303,208273,HPE,208274,255199,true,,,
600,l_335,HPE,271891,283246,HAS,283247,300374,true,,,
601,l_335,HAS,283247,300374,HPE,300375,302701,true,,,
602,l_335,HPR,344116,493475,HPE,493476,537815,true,,,
603,l_335,HAS,603299,606256,HPE,606257,622951,true,,,
604,l_335,HPE,606257,622951,HPR,622952,640844,true,,,
605,l_335,HPR,622952,640844,HPE,640845,640941,false,,,PE extremely small
606,l_335,HPE,710431,749910,HVF,749911,850570,true,,,
607,l_335,HPE,889149,912812,HAS,912813,919574,true,,,
608,l_335,HAS,921349,924538,HVF,924539,924895,true,,924521,Move transition
609,l_336,HPE,446863,467494,HVF,467495,481146,true,,,
610,l_339,HAS,171270,175398,HVF,175399,201586,false,,,Hard to see transition
611,l_339,HVF,228575,232046,HAS,232047,239872,true,,,
612,l_339,HVF,597134,606269,HAS,606270,619313,false,,,No transition
613,l_342,HPE,248924,307251,HVF,307252,323654,true,,,
614,l_342,HPE,325033,333682,HVF,333683,356844,true,,,
615,l_342,HPE,376428,379461,HVF,379462,389363,true,,,
616,l_342,HPE,715985,738139,HVF,738140,755928,true,,,
617,l_343,HPE,706424,711037,HVF,711038,711341,true,,,
618,l_343,HVF,755318,757454,HAS,757455,762875,true,,,
619,l_343,HAS,797852,804911,HPE,804912,812963,true,,,
620,l_345,HAS,2967,11685,HVF,11686,14515,true,,,
621,l_345,HAS,15336,17777,HVF,17778,26622,true,,17581,Move transition
622,l_345,HAS,27578,33449,HVF,33450,52114,true,,,
623,l_345,HAS,53013,59727,HVF,59728,60936,true,,,
624,l_345,HPE,318621,321125,HVF,321126,330174,true,,,
625,l_345,HVF,576656,578518,HPE,578519,591796,true,,,
626,l_348,HPE,1488,9375,HAS,9376,12795,true,,,
627,l_349,HPE,210685,215553,HVF,215554,221803,true,,,
628,l_349,HPE,242926,247216,HVF,247217,255668,true,,,
629,l_349,HPE,283215,290218,HAS,290219,296589,true,,,
630,l_349,HPE,456832,462509,HPR,462510,469502,true,,,
631,l_349,HPR,462510,469502,HPE,469503,474398,true,,,
632,l_349,HPR,603006,612509,HPE,612510,630481,true,,,
633,l_355,HAS,372877,380267,HVF,380268,382822,false,,,Hard to seee what's going on
634,s_360,HAS,160255,166279,HPE,166280,169995,true,,,
635,s_360,HPE,174460,177199,HVF,177200,183428,true,,,
636,s_363,HVF,79217,83480,HPE,83481,115443,true,,,
637,s_364,HPE,907432,927462,HAS,927463,954640,true,,,
638,s_365,HPE,474344,484065,HAS,484066,503386,true,,,
639,s_365,HAS,543551,546371,HPE,546372,566099,true,,,
640,s_365,HPE,786590,793210,HPR,793211,825357,true,,,
641,s_367,HPE,423644,428796,HPR,428797,905674,true,,,
642,s_369,HAS,242013,246777,HPE,246778,253296,true,,,
643,s_369,HPR,335954,345426,HAS,345427,349109,true,,,
644,s_371,HPE,252796,288128,HPR,288129,297655,true,,,
645,s_373,HAS,276098,302863,HPE,302864,335991,true,,,
646,s_374,HPE,395941,397767,HAS,397768,412137,false,,,No transition
647,s_375,HPE,113100,118361,HVF,118362,119014,true,,,
648,s_375,HPE,178383,183296,HVF,183297,196296,true,,,
649,s_381,HAS,64400,72358,HVF,72359,83018,false,,,Wrong transition
650,s_381,HAS,393224,398089,HVF,398090,404380,false,,,Wrong classification
651,s_381,HPE,506877,537259,HPR,537260,621143,true,,,
652,s_381,HPR,647495,799787,HPE,799788,844197,true,,,
653,s_381,HPE,799788,844197,HPR,844198,1758593,true,,,
654,s_382,HPE,204460,222026,HPR,222027,231986,true,,,
655,s_383,HVF,162427,171755,HAS,171756,176902,true,,,
656,s_383,HPE,200564,205199,HAS,205200,218862,true,,,
657,s_383,HPE,262358,265438,HAS,265439,267223,true,,,
658,s_386,HPE,418190,419747,HAS,419748,428167,true,,,
659,s_387,HAS,434619,437555,HVF,437556,447422,false,,,Wrong classification
660,s_393,HVF,1,5563,HAS,5564,10208,false,,,Contains DFB
661,s_393,HAS,5564,10208,HVF,10209,14441,true,,9774,Move transition
662,s_394,HAS,747715,749574,HPE,749575,753371,false,,,Wrong transition
